frame,time,class,probability,probability_rank
0,0:00:00,tawowl1,0.07252111285924911,1
0,0:00:00,eueowl1,0.06306442618370056,2
0,0:00:00,loeowl,0.042486634105443954,3
0,0:00:00,commoo3,0.028820279985666275,4
0,0:00:00,watrai1,0.02585550583899021,5
1,0:00:05,tawowl1,0.10966989398002625,1
1,0:00:05,commoo3,0.0589456632733345,2
1,0:00:05,eurcoo,0.04821940138936043,3
1,0:00:05,loeowl,0.046744514256715775,4
1,0:00:05,eueowl1,0.03933356702327728,5
2,0:00:10,loeowl,0.07620112597942352,1
2,0:00:10,tawowl1,0.06425003707408905,2
2,0:00:10,eueowl1,0.038661159574985504,3
2,0:00:10,comqua1,0.03478135168552399,4
2,0:00:10,grhowl,0.02948610484600067,5
3,0:00:15,tawowl1,0.10902202129364014,1
3,0:00:15,eueowl1,0.061246491968631744,2
3,0:00:15,loeowl,0.04575806483626366,3
3,0:00:15,comqua1,0.04112330079078674,4
3,0:00:15,commoo3,0.020300740376114845,5
4,0:00:20,tawowl1,0.07433245331048965,1
4,0:00:20,loeowl,0.04757723584771156,2
4,0:00:20,eueowl1,0.039289094507694244,3
4,0:00:20,commoo3,0.027461985126137733,4
4,0:00:20,eurcoo,0.024294866248965263,5
5,0:00:25,tawowl1,0.1714293658733368,1
5,0:00:25,loeowl,0.1348731368780136,2
5,0:00:25,eurcoo,0.038980405777692795,3
5,0:00:25,eueowl1,0.026696719229221344,4
5,0:00:25,commoo3,0.02190801128745079,5
6,0:00:30,tawowl1,0.29339799284935,1
6,0:00:30,loeowl,0.04793018847703934,2
6,0:00:30,eurcoo,0.047008972615003586,3
6,0:00:30,grebit1,0.03164356201887131,4
6,0:00:30,commoo3,0.02901707962155342,5
7,0:00:35,brnowl,0.25398364663124084,1
7,0:00:35,tawowl1,0.0861290842294693,2
7,0:00:35,loeowl,0.038902297616004944,3
7,0:00:35,eueowl1,0.027811914682388306,4
7,0:00:35,ortbun1,0.01706536114215851,5
8,0:00:40,tawowl1,0.07322381436824799,1
8,0:00:40,commoo3,0.07143567502498627,2
8,0:00:40,loeowl,0.05904465541243553,3
8,0:00:40,eurcoo,0.058758918195962906,4
8,0:00:40,eueowl1,0.04310880973935127,5
9,0:00:45,tawowl1,0.1095743253827095,1
9,0:00:45,loeowl,0.0662321224808693,2
9,0:00:45,eueowl1,0.03959581255912781,3
9,0:00:45,grebit1,0.03867553174495697,4
9,0:00:45,commoo3,0.03702252358198166,5
10,0:00:50,tawowl1,0.09587186574935913,1
10,0:00:50,loeowl,0.05947047099471092,2
10,0:00:50,eurcoo,0.04159865528345108,3
10,0:00:50,commoo3,0.03916582092642784,4
10,0:00:50,eueowl1,0.02994736097753048,5
11,0:00:55,grebit1,0.13738523423671722,1
11,0:00:55,tawowl1,0.06674952805042267,2
11,0:00:55,loeowl,0.04223776236176491,3
11,0:00:55,comqua1,0.030782051384449005,4
11,0:00:55,eueowl1,0.027297837659716606,5
12,0:01:00,tawowl1,0.09855072945356369,1
12,0:01:00,loeowl,0.08052380383014679,2
12,0:01:00,eueowl1,0.05009136348962784,3
12,0:01:00,commoo3,0.03504209965467453,4
12,0:01:00,eurcoo,0.03292074799537659,5
13,0:01:05,tawowl1,0.0720662772655487,1
13,0:01:05,eueowl1,0.05017904192209244,2
13,0:01:05,loeowl,0.045301467180252075,3
13,0:01:05,grebit1,0.0336381234228611,4
13,0:01:05,comrav,0.021027596667408943,5
14,0:01:10,tawowl1,0.09947195649147034,1
14,0:01:10,loeowl,0.0646224394440651,2
14,0:01:10,eueowl1,0.03296610340476036,3
14,0:01:10,commoo3,0.01997281238436699,4
14,0:01:10,watrai1,0.018952690064907074,5
15,0:01:15,tawowl1,0.08919238299131393,1
15,0:01:15,loeowl,0.06995906680822372,2
15,0:01:15,eueowl1,0.030974289402365685,3
15,0:01:15,comqua1,0.026684407144784927,4
15,0:01:15,eurnig1,0.0252006147056818,5
16,0:01:20,tawowl1,0.10108785331249237,1
16,0:01:20,loeowl,0.0501699298620224,2
16,0:01:20,eurcoo,0.043284956365823746,3
16,0:01:20,commoo3,0.03596183657646179,4
16,0:01:20,eueowl1,0.03551832213997841,5
17,0:01:25,tawowl1,0.09939958155155182,1
17,0:01:25,eurcoo,0.04902743920683861,2
17,0:01:25,commoo3,0.041095882654190063,3
17,0:01:25,loeowl,0.03438754007220268,4
17,0:01:25,watrai1,0.03090592473745346,5
18,0:01:30,tawowl1,0.10722556710243225,1
18,0:01:30,commoo3,0.04394903779029846,2
18,0:01:30,eueowl1,0.04328164830803871,3
18,0:01:30,loeowl,0.04061982408165932,4
18,0:01:30,eurcoo,0.03945961222052574,5
19,0:01:35,tawowl1,0.09181205183267593,1
19,0:01:35,loeowl,0.04986777529120445,2
19,0:01:35,eueowl1,0.045271504670381546,3
19,0:01:35,eurcoo,0.04214566946029663,4
19,0:01:35,commoo3,0.040429405868053436,5
20,0:01:40,tawowl1,0.10424063354730606,1
20,0:01:40,eurcoo,0.06051674112677574,2
20,0:01:40,commoo3,0.05230868235230446,3
20,0:01:40,eueowl1,0.0381406769156456,4
20,0:01:40,loeowl,0.03696712106466293,5
21,0:01:45,tawowl1,0.16296756267547607,1
21,0:01:45,eurcoo,0.0560472309589386,2
21,0:01:45,blksco1,0.051695700734853745,3
21,0:01:45,commoo3,0.036930061876773834,4
21,0:01:45,watrai1,0.03609239310026169,5
22,0:01:50,tawowl1,0.1115604043006897,1
22,0:01:50,eurcoo,0.053733907639980316,2
22,0:01:50,loeowl,0.04267296940088272,3
22,0:01:50,eueowl1,0.03720669075846672,4
22,0:01:50,grebit1,0.03714882954955101,5
23,0:01:55,tawowl1,0.0993751585483551,1
23,0:01:55,eurcoo,0.07961241155862808,2
23,0:01:55,commoo3,0.06381850689649582,3
23,0:01:55,loeowl,0.0478798933327198,4
23,0:01:55,eueowl1,0.036477863788604736,5
24,0:02:00,tawowl1,0.11021152138710022,1
24,0:02:00,loeowl,0.06647774577140808,2
24,0:02:00,eurcoo,0.0563475601375103,3
24,0:02:00,commoo3,0.05015348270535469,4
24,0:02:00,eueowl1,0.038554929196834564,5
25,0:02:05,tawowl1,0.08703374862670898,1
25,0:02:05,loeowl,0.060304585844278336,2
25,0:02:05,eurcoo,0.059249214828014374,3
25,0:02:05,commoo3,0.056293606758117676,4
25,0:02:05,eueowl1,0.03288177028298378,5
26,0:02:10,commoo3,0.05749280005693436,1
26,0:02:10,eurnig1,0.057260654866695404,2
26,0:02:10,tawowl1,0.046409569680690765,3
26,0:02:10,loeowl,0.046206168830394745,4
26,0:02:10,eurcoo,0.035323675721883774,5
27,0:02:15,tawowl1,0.07250235974788666,1
27,0:02:15,eueowl1,0.05544004216790199,2
27,0:02:15,loeowl,0.050848692655563354,3
27,0:02:15,commoo3,0.03724032640457153,4
27,0:02:15,watrai1,0.028050802648067474,5
28,0:02:20,comqua1,0.08229736983776093,1
28,0:02:20,commoo3,0.05451953411102295,2
28,0:02:20,tawowl1,0.04804707318544388,3
28,0:02:20,watrai1,0.044280052185058594,4
28,0:02:20,eueowl1,0.037587858736515045,5
29,0:02:25,flaowl,0.07706510275602341,1
29,0:02:25,tawowl1,0.07055074721574783,2
29,0:02:25,loeowl,0.05676259472966194,3
29,0:02:25,eueowl1,0.04065109044313431,4
29,0:02:25,comqua1,0.028673067688941956,5
30,0:02:30,comrav,0.08959388732910156,1
30,0:02:30,loeowl,0.043254826217889786,2
30,0:02:30,commoo3,0.039136920124292374,3
30,0:02:30,tawowl1,0.03584429621696472,4
30,0:02:30,eurcoo,0.03087354265153408,5
31,0:02:35,tawowl1,0.07250568270683289,1
31,0:02:35,loeowl,0.05284913256764412,2
31,0:02:35,eurcoo,0.04948249086737633,3
31,0:02:35,commoo3,0.04199536517262459,4
31,0:02:35,eueowl1,0.034184250980615616,5
32,0:02:40,tawowl1,0.06635801494121552,1
32,0:02:40,loeowl,0.04508856311440468,2
32,0:02:40,commoo3,0.038777366280555725,3
32,0:02:40,eueowl1,0.03530562296509743,4
32,0:02:40,eurrob1,0.02521064504981041,5
33,0:02:45,brnowl,0.4469108581542969,1
33,0:02:45,tawowl1,0.13251501321792603,2
33,0:02:45,eurjay1,0.03563655540347099,3
33,0:02:45,litowl1,0.03412165120244026,4
33,0:02:45,loeowl,0.026226958259940147,5
34,0:02:50,brnowl,0.4150649905204773,1
34,0:02:50,litowl1,0.10662702471017838,2
34,0:02:50,tawowl1,0.03946685418486595,3
34,0:02:50,brdowl,0.014630951918661594,4
34,0:02:50,winwre4,0.014111138880252838,5
35,0:02:55,tawowl1,0.10634832829236984,1
35,0:02:55,litowl1,0.089604951441288,2
35,0:02:55,brnowl,0.057598043233156204,3
35,0:02:55,eueowl1,0.02375515177845955,4
35,0:02:55,eurbla,0.01931888796389103,5
36,0:03:00,eurjay1,0.815532386302948,1
36,0:03:00,loeowl,0.014497094787657261,2
36,0:03:00,brnowl,0.014390149153769016,3
36,0:03:00,eueowl1,0.012960121966898441,4
36,0:03:00,tawowl1,0.005867922678589821,5
37,0:03:05,brnowl,0.5581138730049133,1
37,0:03:05,tawowl1,0.03611813485622406,2
37,0:03:05,litowl1,0.0283119548112154,3
37,0:03:05,loeowl,0.024070026353001595,4
37,0:03:05,eueowl1,0.021903177723288536,5
38,0:03:10,tawowl1,0.08118368685245514,1
38,0:03:10,commoo3,0.05904379114508629,2
38,0:03:10,eurcoo,0.05571514740586281,3
38,0:03:10,loeowl,0.03747227415442467,4
38,0:03:10,grebit1,0.03710951283574104,5
39,0:03:15,tawowl1,0.1143026053905487,1
39,0:03:15,eurcoo,0.05325568839907646,2
39,0:03:15,loeowl,0.05321582406759262,3
39,0:03:15,commoo3,0.039414118975400925,4
39,0:03:15,watrai1,0.03121129423379898,5
40,0:03:20,tawowl1,0.10915118455886841,1
40,0:03:20,loeowl,0.06608868390321732,2
40,0:03:20,commoo3,0.04786166921257973,3
40,0:03:20,eurcoo,0.03682584688067436,4
40,0:03:20,eurrob1,0.03644455969333649,5
41,0:03:25,tawowl1,0.10344294458627701,1
41,0:03:25,loeowl,0.05634701997041702,2
41,0:03:25,commoo3,0.045123036950826645,3
41,0:03:25,eueowl1,0.03372235596179962,4
41,0:03:25,eurcoo,0.02994736097753048,5
42,0:03:30,brnowl,0.5181679725646973,1
42,0:03:30,litowl1,0.12976647913455963,2
42,0:03:30,tawowl1,0.03340091556310654,3
42,0:03:30,spofly1,0.010476975701749325,4
42,0:03:30,eueowl1,0.009285726584494114,5
43,0:03:35,tawowl1,0.08703768253326416,1
43,0:03:35,eurcoo,0.06869974732398987,2
43,0:03:35,commoo3,0.054016273468732834,3
43,0:03:35,loeowl,0.05003548786044121,4
43,0:03:35,eueowl1,0.03926703333854675,5
44,0:03:40,tawowl1,0.0938398465514183,1
44,0:03:40,loeowl,0.05223996564745903,2
44,0:03:40,eueowl1,0.047355785965919495,3
44,0:03:40,commoo3,0.046317510306835175,4
44,0:03:40,eurcoo,0.03594530373811722,5
45,0:03:45,tawowl1,0.07467462122440338,1
45,0:03:45,eueowl1,0.04808256775140762,2
45,0:03:45,loeowl,0.03637763857841492,3
45,0:03:45,eurcoo,0.025270795449614525,4
45,0:03:45,comrav,0.02479775995016098,5
46,0:03:50,tawowl1,0.11977877467870712,1
46,0:03:50,eueowl1,0.06090586259961128,2
46,0:03:50,brnowl,0.05792868137359619,3
46,0:03:50,loeowl,0.04137817770242691,4
46,0:03:50,grebit1,0.0241894219070673,5
47,0:03:55,litbit1,0.06141068413853645,1
47,0:03:55,eueowl1,0.040852028876543045,2
47,0:03:55,tawowl1,0.03974517062306404,3
47,0:03:55,comqua1,0.033723462373018265,4
47,0:03:55,commoo3,0.028440071269869804,5
48,0:04:00,tawowl1,0.07538022100925446,1
48,0:04:00,eurbla,0.04646756127476692,2
48,0:04:00,eueowl1,0.04485759511590004,3
48,0:04:00,loeowl,0.04202859848737717,4
48,0:04:00,eurrob1,0.029007641598582268,5
49,0:04:05,brnowl,0.06637647747993469,1
49,0:04:05,tawowl1,0.05986432731151581,2
49,0:04:05,eueowl1,0.028460737317800522,3
49,0:04:05,loeowl,0.025002706795930862,4
49,0:04:05,litowl1,0.02222396992146969,5
50,0:04:10,brnowl,0.07542840391397476,1
50,0:04:10,tawowl1,0.05616060271859169,2
50,0:04:10,loeowl,0.041936151683330536,3
50,0:04:10,eueowl1,0.040044091641902924,4
50,0:04:10,eurnig1,0.03409063071012497,5
51,0:04:15,eueowl1,0.05769408494234085,1
51,0:04:15,tawowl1,0.056624844670295715,2
51,0:04:15,commoo3,0.05052756518125534,3
51,0:04:15,loeowl,0.05042571946978569,4
51,0:04:15,grebit1,0.047725610435009,5
52,0:04:20,commoo3,0.0821160152554512,1
52,0:04:20,tawowl1,0.05672132968902588,2
52,0:04:20,eueowl1,0.0411977544426918,3
52,0:04:20,loeowl,0.04014602676033974,4
52,0:04:20,eurcoo,0.033786628395318985,5
53,0:04:25,tawowl1,0.13402727246284485,1
53,0:04:25,loeowl,0.07050128281116486,2
53,0:04:25,brnowl,0.033442165702581406,3
53,0:04:25,eueowl1,0.028226839378476143,4
53,0:04:25,eurcoo,0.027130739763379097,5
54,0:04:30,loeowl,0.4364260137081146,1
54,0:04:30,tawowl1,0.14635732769966125,2
54,0:04:30,eurrob1,0.025550367310643196,3
54,0:04:30,eurbla,0.018232621252536774,4
54,0:04:30,souboo2,0.015582190826535225,5
55,0:04:35,eurtre1,0.1856648474931717,1
55,0:04:35,eurrob1,0.13280898332595825,2
55,0:04:35,goldcr1,0.10509821772575378,3
55,0:04:35,eurbla,0.039905913174152374,4
55,0:04:35,shttre1,0.02443157322704792,5
56,0:04:40,tawowl1,0.10356222093105316,1
56,0:04:40,loeowl,0.09827621281147003,2
56,0:04:40,commoo3,0.0616869181394577,3
56,0:04:40,eurcoo,0.059582460671663284,4
56,0:04:40,eueowl1,0.03037976659834385,5
57,0:04:45,tawowl1,0.0966242104768753,1
57,0:04:45,loeowl,0.06685540825128555,2
57,0:04:45,commoo3,0.04933322221040726,3
57,0:04:45,eurcoo,0.04902256652712822,4
57,0:04:45,eurnig1,0.029584579169750214,5
58,0:04:50,tawowl1,0.12496515363454819,1
58,0:04:50,loeowl,0.07452267408370972,2
58,0:04:50,commoo3,0.052557144314050674,3
58,0:04:50,eurcoo,0.04950033873319626,4
58,0:04:50,eueowl1,0.037552766501903534,5
59,0:04:55,brnowl,0.10381817072629929,1
59,0:04:55,tawowl1,0.08997318148612976,2
59,0:04:55,loeowl,0.0704713985323906,3
59,0:04:55,eurjay1,0.033783603459596634,4
59,0:04:55,eueowl1,0.031229674816131592,5
60,0:05:00,tawowl1,0.12699933350086212,1
60,0:05:00,loeowl,0.04694361612200737,2
60,0:05:00,commoo3,0.04145422205328941,3
60,0:05:00,eurcoo,0.03926420584321022,4
60,0:05:00,eueowl1,0.03739742934703827,5
61,0:05:05,tawowl1,0.10475075244903564,1
61,0:05:05,eueowl1,0.05361432954668999,2
61,0:05:05,commoo3,0.04903276637196541,3
61,0:05:05,eurcoo,0.039318498224020004,4
61,0:05:05,watrai1,0.033037278801202774,5
62,0:05:10,commoo3,0.07134991884231567,1
62,0:05:10,watrai1,0.0625728964805603,2
62,0:05:10,eurcoo,0.06218710169196129,3
62,0:05:10,tawowl1,0.049967147409915924,4
62,0:05:10,eueowl1,0.03573457524180412,5
63,0:05:15,eurrob1,0.25639891624450684,1
63,0:05:15,eurbla,0.04310067370533943,2
63,0:05:15,winwre4,0.023952387273311615,3
63,0:05:15,tawowl1,0.023829149082303047,4
63,0:05:15,eurcoo,0.021119490265846252,5
64,0:05:20,goldcr1,0.09287021309137344,1
64,0:05:20,eurrob1,0.04509776085615158,2
64,0:05:20,eurbla,0.045010462403297424,3
64,0:05:20,tawowl1,0.031978726387023926,4
64,0:05:20,eurcoo,0.020411387085914612,5
65,0:05:25,tawowl1,0.14046701788902283,1
65,0:05:25,commoo3,0.07703886181116104,2
65,0:05:25,eurcoo,0.058758437633514404,3
65,0:05:25,eueowl1,0.03853704035282135,4
65,0:05:25,watrai1,0.03547608479857445,5
66,0:05:30,tawowl1,0.08580287545919418,1
66,0:05:30,commoo3,0.07435017824172974,2
66,0:05:30,eurcoo,0.06072445586323738,3
66,0:05:30,eueowl1,0.04373196139931679,4
66,0:05:30,eurnig1,0.03834104537963867,5
67,0:05:35,commoo3,0.07812817394733429,1
67,0:05:35,tawowl1,0.07172562181949615,2
67,0:05:35,eurcoo,0.06961816549301147,3
67,0:05:35,eurnig1,0.04207990691065788,4
67,0:05:35,watrai1,0.036871928721666336,5
68,0:05:40,tawowl1,0.11038964241743088,1
68,0:05:40,loeowl,0.049740616232156754,2
68,0:05:40,eueowl1,0.04841496795415878,3
68,0:05:40,commoo3,0.02483270689845085,4
68,0:05:40,grebit1,0.024604804813861847,5
69,0:05:45,tawowl1,0.10371333360671997,1
69,0:05:45,loeowl,0.07596248388290405,2
69,0:05:45,comrav,0.03823637217283249,3
69,0:05:45,brnowl,0.02661396935582161,4
69,0:05:45,spofly1,0.025896690785884857,5
70,0:05:50,litowl1,0.5071375370025635,1
70,0:05:50,brnowl,0.11928555369377136,2
70,0:05:50,tawowl1,0.041257284581661224,3
70,0:05:50,loeowl,0.016799364238977432,4
70,0:05:50,eueowl1,0.013653027825057507,5
71,0:05:55,eurrob1,0.11032667756080627,1
71,0:05:55,spofly1,0.044341906905174255,2
71,0:05:55,tawowl1,0.03096034750342369,3
71,0:05:55,sonthr1,0.028809579089283943,4
71,0:05:55,hawfin,0.021713346242904663,5
72,0:06:00,brnowl,0.09230039268732071,1
72,0:06:00,tawowl1,0.054840829223394394,2
72,0:06:00,loeowl,0.04281628876924515,3
72,0:06:00,eueowl1,0.040317077189683914,4
72,0:06:00,eurnig1,0.03437920659780502,5
73,0:06:05,tawowl1,0.07438617944717407,1
73,0:06:05,eurcoo,0.06198369711637497,2
73,0:06:05,commoo3,0.05386466905474663,3
73,0:06:05,loeowl,0.053685303777456284,4
73,0:06:05,watrai1,0.03426434472203255,5
74,0:06:10,tawowl1,0.12838269770145416,1
74,0:06:10,loeowl,0.08225706964731216,2
74,0:06:10,eurcoo,0.07506565749645233,3
74,0:06:10,commoo3,0.07278621196746826,4
74,0:06:10,eueowl1,0.03279951959848404,5
75,0:06:15,tawowl1,0.14588044583797455,1
75,0:06:15,loeowl,0.07411444932222366,2
75,0:06:15,eurcoo,0.048529740422964096,3
75,0:06:15,commoo3,0.03829861059784889,4
75,0:06:15,eurnig1,0.030569102615118027,5
76,0:06:20,tawowl1,0.12778133153915405,1
76,0:06:20,loeowl,0.04982490837574005,2
76,0:06:20,eueowl1,0.0448477528989315,3
76,0:06:20,commoo3,0.03502258285880089,4
76,0:06:20,comqua1,0.02975846454501152,5
77,0:06:25,tawowl1,0.09445276856422424,1
77,0:06:25,eueowl1,0.05334310233592987,2
77,0:06:25,watrai1,0.04407713562250137,3
77,0:06:25,loeowl,0.042756106704473495,4
77,0:06:25,eurcoo,0.04135245457291603,5
78,0:06:30,tawowl1,0.06976169347763062,1
78,0:06:30,eueowl1,0.05834580585360527,2
78,0:06:30,loeowl,0.04514886811375618,3
78,0:06:30,commoo3,0.042161665856838226,4
78,0:06:30,watrai1,0.03998413681983948,5
79,0:06:35,tawowl1,0.09550203382968903,1
79,0:06:35,eueowl1,0.06440256536006927,2
79,0:06:35,eurcoo,0.04580098018050194,3
79,0:06:35,commoo3,0.03999954089522362,4
79,0:06:35,watrai1,0.033236827701330185,5
80,0:06:40,shtgro,0.1283457726240158,1
80,0:06:40,commoo3,0.10675269365310669,2
80,0:06:40,comrav,0.057759497314691544,3
80,0:06:40,brant,0.04350907355546951,4
80,0:06:40,rinphe,0.03597651794552803,5
81,0:06:45,tawowl1,0.061062101274728775,1
81,0:06:45,brnowl,0.05458945035934448,2
81,0:06:45,eueowl1,0.03162560984492302,3
81,0:06:45,loeowl,0.021344931796193123,4
81,0:06:45,litowl1,0.018519554287195206,5
82,0:06:50,loeowl,0.09241647273302078,1
82,0:06:50,tawowl1,0.03304480016231537,2
82,0:06:50,eueowl1,0.03044118732213974,3
82,0:06:50,blawoo1,0.024190956726670265,4
82,0:06:50,brnowl,0.016633061692118645,5
83,0:06:55,loeowl,0.04907793179154396,1
83,0:06:55,tawowl1,0.049001023173332214,2
83,0:06:55,eueowl1,0.04018724337220192,3
83,0:06:55,watrai1,0.039775338023900986,4
83,0:06:55,rocpig,0.02439580112695694,5
84,0:07:00,tawowl1,0.1125786229968071,1
84,0:07:00,loeowl,0.09560391306877136,2
84,0:07:00,brnowl,0.04181261733174324,3
84,0:07:00,eurcoo,0.026576722040772438,4
84,0:07:00,eueowl1,0.023998530581593513,5
85,0:07:05,brnowl,0.04087918624281883,1
85,0:07:05,eueowl1,0.034509558230638504,2
85,0:07:05,loeowl,0.030207466334104538,3
85,0:07:05,litowl1,0.027874264866113663,4
85,0:07:05,eurjay1,0.02419131249189377,5
86,0:07:10,loeowl,0.05921120569109917,1
86,0:07:10,tawowl1,0.04867669567465782,2
86,0:07:10,watrai1,0.040201134979724884,3
86,0:07:10,eueowl1,0.03589266911149025,4
86,0:07:10,eurcoo,0.035751450806856155,5
87,0:07:15,commoo3,0.13476701080799103,1
87,0:07:15,tawowl1,0.04733544588088989,2
87,0:07:15,loeowl,0.03996327146887779,3
87,0:07:15,eurnig1,0.03393062949180603,4
87,0:07:15,eurcoo,0.03362315148115158,5
88,0:07:20,eueowl1,0.07637086510658264,1
88,0:07:20,tawowl1,0.06713948398828506,2
88,0:07:20,loeowl,0.05606425926089287,3
88,0:07:20,brnowl,0.05531076341867447,4
88,0:07:20,comrav,0.03887860104441643,5
89,0:07:25,eurrob1,0.10125728696584702,1
89,0:07:25,tawowl1,0.0335562601685524,2
89,0:07:25,watrai1,0.028850214555859566,3
89,0:07:25,loeowl,0.02453421801328659,4
89,0:07:25,goldcr1,0.02409852109849453,5
90,0:07:30,tawowl1,0.1379927694797516,1
90,0:07:30,watrai1,0.09248503297567368,2
90,0:07:30,eurcoo,0.04400286078453064,3
90,0:07:30,commoo3,0.03779318928718567,4
90,0:07:30,grebit1,0.025556722655892372,5
91,0:07:35,tawowl1,0.20549875497817993,1
91,0:07:35,loeowl,0.1303776353597641,2
91,0:07:35,eueowl1,0.12070687115192413,3
91,0:07:35,brnowl,0.09332654625177383,4
91,0:07:35,grhowl,0.02951638586819172,5
92,0:07:40,tawowl1,0.07634498924016953,1
92,0:07:40,eueowl1,0.02665708400309086,2
92,0:07:40,eurrob1,0.0261593759059906,3
92,0:07:40,spofly1,0.022217541933059692,4
92,0:07:40,watrai1,0.021873783320188522,5
93,0:07:45,tawowl1,0.10588455200195312,1
93,0:07:45,loeowl,0.06868945807218552,2
93,0:07:45,eueowl1,0.04829942435026169,3
93,0:07:45,commoo3,0.03553599864244461,4
93,0:07:45,eurcoo,0.03496839851140976,5
94,0:07:50,loeowl,0.0531332828104496,1
94,0:07:50,tawowl1,0.04325314611196518,2
94,0:07:50,litowl1,0.03955329582095146,3
94,0:07:50,eueowl1,0.03177711367607117,4
94,0:07:50,eurbla,0.0225460734218359,5
95,0:07:55,tawowl1,0.0687541738152504,1
95,0:07:55,loeowl,0.03828155994415283,2
95,0:07:55,eueowl1,0.03136131167411804,3
95,0:07:55,comrav,0.025528116151690483,4
95,0:07:55,watrai1,0.02473011426627636,5
96,0:08:00,tawowl1,0.24958539009094238,1
96,0:08:00,loeowl,0.12043225020170212,2
96,0:08:00,brnowl,0.08537309616804123,3
96,0:08:00,eueowl1,0.0500798337161541,4
96,0:08:00,litowl1,0.021764719858765602,5
97,0:08:05,loeowl,0.04847606644034386,1
97,0:08:05,tawowl1,0.04442247748374939,2
97,0:08:05,eurnig1,0.025731300935149193,3
97,0:08:05,grebit1,0.023048577830195427,4
97,0:08:05,commoo3,0.02301899529993534,5
98,0:08:10,tawowl1,0.09094365686178207,1
98,0:08:10,commoo3,0.058449745178222656,2
98,0:08:10,loeowl,0.045214567333459854,3
98,0:08:10,eurcoo,0.037875957787036896,4
98,0:08:10,eurnig1,0.0358256921172142,5
99,0:08:15,tawowl1,0.06899182498455048,1
99,0:08:15,loeowl,0.05624399706721306,2
99,0:08:15,eurnig1,0.053278084844350815,3
99,0:08:15,commoo3,0.051765672862529755,4
99,0:08:15,eurcoo,0.03767392411828041,5
100,0:08:20,loeowl,0.07578723877668381,1
100,0:08:20,tawowl1,0.06231098622083664,2
100,0:08:20,eueowl1,0.04265348240733147,3
100,0:08:20,commoo3,0.028114402666687965,4
100,0:08:20,eurnig1,0.021750537678599358,5
101,0:08:25,tawowl1,0.07960887998342514,1
101,0:08:25,loeowl,0.07135813683271408,2
101,0:08:25,commoo3,0.03847397863864899,3
101,0:08:25,eurcoo,0.03586719557642937,4
101,0:08:25,brnowl,0.035765569657087326,5
102,0:08:30,tawowl1,0.08987968415021896,1
102,0:08:30,loeowl,0.05029731243848801,2
102,0:08:30,eueowl1,0.046009041368961334,3
102,0:08:30,eurcoo,0.039041269570589066,4
102,0:08:30,brnowl,0.0384250245988369,5
103,0:08:35,tawowl1,0.09869164973497391,1
103,0:08:35,loeowl,0.044924862682819366,2
103,0:08:35,eueowl1,0.02603205107152462,3
103,0:08:35,commoo3,0.025910165160894394,4
103,0:08:35,eurcoo,0.023875750601291656,5
104,0:08:40,tawowl1,0.11272502690553665,1
104,0:08:40,loeowl,0.05192799121141434,2
104,0:08:40,eurcoo,0.04545193538069725,3
104,0:08:40,commoo3,0.04370113089680672,4
104,0:08:40,eueowl1,0.0356237068772316,5
105,0:08:45,tawowl1,0.10485245287418365,1
105,0:08:45,commoo3,0.05221017077565193,2
105,0:08:45,loeowl,0.04665621742606163,3
105,0:08:45,eurcoo,0.04438622295856476,4
105,0:08:45,eueowl1,0.03629541024565697,5
106,0:08:50,tawowl1,0.07430346310138702,1
106,0:08:50,commoo3,0.06960630416870117,2
106,0:08:50,loeowl,0.04841550067067146,3
106,0:08:50,comqua1,0.03839973360300064,4
106,0:08:50,eurcoo,0.036217235028743744,5
107,0:08:55,tawowl1,0.09011216461658478,1
107,0:08:55,eurcoo,0.062129776924848557,2
107,0:08:55,loeowl,0.05720673128962517,3
107,0:08:55,commoo3,0.054374318569898605,4
107,0:08:55,eueowl1,0.042014412581920624,5
108,0:09:00,tawowl1,0.09420502930879593,1
108,0:09:00,loeowl,0.07269104570150375,2
108,0:09:00,eurcoo,0.0546848364174366,3
108,0:09:00,commoo3,0.051939528435468674,4
108,0:09:00,eueowl1,0.04067855700850487,5
109,0:09:05,tawowl1,0.0695340633392334,1
109,0:09:05,loeowl,0.05384937673807144,2
109,0:09:05,eurnig1,0.04215395078063011,3
109,0:09:05,eurcoo,0.04182557761669159,4
109,0:09:05,eueowl1,0.03629901632666588,5
110,0:09:10,tawowl1,0.10329045355319977,1
110,0:09:10,loeowl,0.07483198493719101,2
110,0:09:10,commoo3,0.0562627799808979,3
110,0:09:10,eurcoo,0.04436071962118149,4
110,0:09:10,eueowl1,0.027887897565960884,5
111,0:09:15,tawowl1,0.09045898169279099,1
111,0:09:15,loeowl,0.062447283416986465,2
111,0:09:15,commoo3,0.05425189435482025,3
111,0:09:15,eurcoo,0.05073089152574539,4
111,0:09:15,eueowl1,0.0329880565404892,5
112,0:09:20,tawowl1,0.0952441617846489,1
112,0:09:20,loeowl,0.0480334535241127,2
112,0:09:20,eurcoo,0.04445358365774155,3
112,0:09:20,watrai1,0.037234701216220856,4
112,0:09:20,eueowl1,0.033072445541620255,5
113,0:09:25,tawowl1,0.11516693234443665,1
113,0:09:25,eurcoo,0.05874558910727501,2
113,0:09:25,commoo3,0.05525505542755127,3
113,0:09:25,loeowl,0.045471783727407455,4
113,0:09:25,eueowl1,0.03490331768989563,5
114,0:09:30,tawowl1,0.08082754164934158,1
114,0:09:30,loeowl,0.06483454257249832,2
114,0:09:30,commoo3,0.05171152204275131,3
114,0:09:30,comqua1,0.04788551107048988,4
114,0:09:30,eurcoo,0.03501039370894432,5
115,0:09:35,tawowl1,0.08499106019735336,1
115,0:09:35,loeowl,0.06926318258047104,2
115,0:09:35,commoo3,0.050097499042749405,3
115,0:09:35,eurcoo,0.03636673837900162,4
115,0:09:35,eueowl1,0.03380819782614708,5
116,0:09:40,tawowl1,0.11373399198055267,1
116,0:09:40,grebit1,0.059655867516994476,2
116,0:09:40,loeowl,0.05209674686193466,3
116,0:09:40,eurcoo,0.05102934688329697,4
116,0:09:40,commoo3,0.03884424269199371,5
117,0:09:45,tawowl1,0.11627437174320221,1
117,0:09:45,loeowl,0.08647499978542328,2
117,0:09:45,commoo3,0.03435908630490303,3
117,0:09:45,eurcoo,0.034013256430625916,4
117,0:09:45,uraowl1,0.030914384871721268,5
118,0:09:50,tawowl1,0.11835093051195145,1
118,0:09:50,loeowl,0.052703097462654114,2
118,0:09:50,eueowl1,0.03386041894555092,3
118,0:09:50,commoo3,0.028610337525606155,4
118,0:09:50,eurcoo,0.023993752896785736,5
119,0:09:55,eueowl1,0.08120854943990707,1
119,0:09:55,commoo3,0.04813360050320625,2
119,0:09:55,blagro1,0.04151235893368721,3
119,0:09:55,oricuc2,0.029450543224811554,4
119,0:09:55,loeowl,0.026553167030215263,5
120,0:10:00,tawowl1,0.038176681846380234,1
120,0:10:00,whrswi1,0.03548600524663925,2
120,0:10:00,eurcoo,0.030361568555235863,3
120,0:10:00,eueowl1,0.0261367280036211,4
120,0:10:00,brnowl,0.023972902446985245,5
121,0:10:05,brnowl,0.07153219729661942,1
121,0:10:05,tawowl1,0.04409513995051384,2
121,0:10:05,eueowl1,0.0351879820227623,3
121,0:10:05,watrai1,0.02845717966556549,4
121,0:10:05,commoo3,0.02511809580028057,5
122,0:10:10,tawowl1,0.08221486210823059,1
122,0:10:10,eueowl1,0.0455644354224205,2
122,0:10:10,loeowl,0.03819004073739052,3
122,0:10:10,eurcoo,0.03156205266714096,4
122,0:10:10,watrai1,0.025446269661188126,5
123,0:10:15,tawowl1,0.07566780596971512,1
123,0:10:15,eueowl1,0.051345039159059525,2
123,0:10:15,loeowl,0.038590457290410995,3
123,0:10:15,watrai1,0.03140804544091225,4
123,0:10:15,commoo3,0.021873218938708305,5
124,0:10:20,brnowl,0.20851507782936096,1
124,0:10:20,comrav,0.04171663895249367,2
124,0:10:20,blagro1,0.03935907781124115,3
124,0:10:20,litowl1,0.035655684769153595,4
124,0:10:20,tawowl1,0.026328645646572113,5
125,0:10:25,loeowl,0.057255446910858154,1
125,0:10:25,tawowl1,0.05044664815068245,2
125,0:10:25,eueowl1,0.04772913455963135,3
125,0:10:25,uraowl1,0.0318760871887207,4
125,0:10:25,eurnig1,0.026596790179610252,5
126,0:10:30,loeowl,0.04277447238564491,1
126,0:10:30,tawowl1,0.04194321110844612,2
126,0:10:30,brnowl,0.0361744649708271,3
126,0:10:30,comrav,0.02240654081106186,4
126,0:10:30,litowl1,0.018572716042399406,5
127,0:10:35,tawowl1,0.06233038008213043,1
127,0:10:35,eueowl1,0.04022057354450226,2
127,0:10:35,brnowl,0.03342637047171593,3
127,0:10:35,loeowl,0.02463737688958645,4
127,0:10:35,litowl1,0.018791859969496727,5
128,0:10:40,eurrob1,0.06475325673818588,1
128,0:10:40,tawowl1,0.04995047673583031,2
128,0:10:40,eurcoo,0.02902640961110592,3
128,0:10:40,eueowl1,0.02741662599146366,4
128,0:10:40,sonthr1,0.02343934029340744,5
129,0:10:45,tawowl1,0.05569081008434296,1
129,0:10:45,watrai1,0.04359899461269379,2
129,0:10:45,eueowl1,0.04010118916630745,3
129,0:10:45,grebit1,0.03536386787891388,4
129,0:10:45,commoo3,0.03470965102314949,5
130,0:10:50,tawowl1,0.19880378246307373,1
130,0:10:50,brnowl,0.07914973795413971,2
130,0:10:50,loeowl,0.050610363483428955,3
130,0:10:50,eueowl1,0.039539605379104614,4
130,0:10:50,eurcoo,0.02268090471625328,5
131,0:10:55,brnowl,0.2009848654270172,1
131,0:10:55,tawowl1,0.12680500745773315,2
131,0:10:55,loeowl,0.07978701591491699,3
131,0:10:55,litowl1,0.04986168071627617,4
131,0:10:55,eueowl1,0.043449752032756805,5
132,0:11:00,brnowl,0.1527361422777176,1
132,0:11:00,loeowl,0.1296645700931549,2
132,0:11:00,tawowl1,0.1213855966925621,3
132,0:11:00,eueowl1,0.07337414473295212,4
132,0:11:00,commoo3,0.03538581356406212,5
133,0:11:05,tawowl1,0.07610432803630829,1
133,0:11:05,eurcoo,0.07500551640987396,2
133,0:11:05,commoo3,0.046414442360401154,3
133,0:11:05,eurwoo,0.045167919248342514,4
133,0:11:05,loeowl,0.03619387000799179,5
134,0:11:10,tawowl1,0.07325655221939087,1
134,0:11:10,eurbla,0.06804430484771729,2
134,0:11:10,eurnig1,0.057717014104127884,3
134,0:11:10,commoo3,0.042727138847112656,4
134,0:11:10,eurrob1,0.03960834816098213,5
135,0:11:15,blagro1,0.06527411937713623,1
135,0:11:15,comrav,0.04377766698598862,2
135,0:11:15,ortbun1,0.04198380559682846,3
135,0:11:15,eueowl1,0.03943724185228348,4
135,0:11:15,commoo3,0.039076823741197586,5
136,0:11:20,eurcoo,0.07743817567825317,1
136,0:11:20,tawowl1,0.06889612972736359,2
136,0:11:20,commoo3,0.056883323937654495,3
136,0:11:20,eueowl1,0.04619305580854416,4
136,0:11:20,loeowl,0.04056907445192337,5
137,0:11:25,tawowl1,0.12030268460512161,1
137,0:11:25,commoo3,0.07397770881652832,2
137,0:11:25,eurbla,0.04465726017951965,3
137,0:11:25,brnowl,0.041738610714673996,4
137,0:11:25,eueowl1,0.03962331637740135,5
138,0:11:30,tawowl1,0.0463501401245594,1
138,0:11:30,litowl1,0.03413907065987587,2
138,0:11:30,watrai1,0.03374882787466049,3
138,0:11:30,commoo3,0.025354158133268356,4
138,0:11:30,brnowl,0.024379614740610123,5
139,0:11:35,tawowl1,0.11027410626411438,1
139,0:11:35,eurcoo,0.07323238998651505,2
139,0:11:35,commoo3,0.047175660729408264,3
139,0:11:35,watrai1,0.04449808970093727,4
139,0:11:35,eueowl1,0.0322464220225811,5
140,0:11:40,brnowl,0.7781359553337097,1
140,0:11:40,litowl1,0.026104282587766647,2
140,0:11:40,tawowl1,0.018606796860694885,3
140,0:11:40,eueowl1,0.009000455029308796,4
140,0:11:40,brambl,0.008340409025549889,5
141,0:11:45,tawowl1,0.16898879408836365,1
141,0:11:45,eurcoo,0.06314879655838013,2
141,0:11:45,commoo3,0.050978899002075195,3
141,0:11:45,grebit1,0.04095740243792534,4
141,0:11:45,eueowl1,0.03893019258975983,5
142,0:11:50,tawowl1,0.05166817083954811,1
142,0:11:50,eurrob1,0.046561937779188156,2
142,0:11:50,commoo3,0.039477813988924026,3
142,0:11:50,loeowl,0.03238723799586296,4
142,0:11:50,eueowl1,0.032324112951755524,5
143,0:11:55,eueowl1,0.07178819179534912,1
143,0:11:55,grebit1,0.07060247659683228,2
143,0:11:55,tawowl1,0.06293828785419464,3
143,0:11:55,loeowl,0.04370803013443947,4
143,0:11:55,comqua1,0.02969065122306347,5
144,0:12:00,tawowl1,0.0762057974934578,1
144,0:12:00,eueowl1,0.06956516206264496,2
144,0:12:00,loeowl,0.06305667757987976,3
144,0:12:00,eurcoo,0.060875095427036285,4
144,0:12:00,watrai1,0.04590682312846184,5
145,0:12:05,litowl1,0.13833405077457428,1
145,0:12:05,brnowl,0.08855509012937546,2
145,0:12:05,buwwar,0.05190783366560936,3
145,0:12:05,eueowl1,0.05122905597090721,4
145,0:12:05,tawowl1,0.029929528012871742,5
146,0:12:10,tawowl1,0.125315323472023,1
146,0:12:10,eueowl1,0.04157581552863121,2
146,0:12:10,loeowl,0.03005591593682766,3
146,0:12:10,eurcoo,0.027650481089949608,4
146,0:12:10,grebit1,0.02606179565191269,5
147,0:12:15,litowl1,0.34072956442832947,1
147,0:12:15,tawowl1,0.12268884479999542,2
147,0:12:15,brnowl,0.06191065162420273,3
147,0:12:15,eueowl1,0.023839134722948074,4
147,0:12:15,winwre4,0.018677642568945885,5
148,0:12:20,tawowl1,0.1098860427737236,1
148,0:12:20,brnowl,0.07176035642623901,2
148,0:12:20,loeowl,0.04451896250247955,3
148,0:12:20,eueowl1,0.04023776203393936,4
148,0:12:20,litowl1,0.02753315307199955,5
149,0:12:25,tawowl1,0.09233219921588898,1
149,0:12:25,eurcoo,0.03903355821967125,2
149,0:12:25,eueowl1,0.032791003584861755,3
149,0:12:25,commoo3,0.032627664506435394,4
149,0:12:25,loeowl,0.03253565728664398,5
150,0:12:30,tawowl1,0.283523291349411,1
150,0:12:30,eurjay1,0.14949652552604675,2
150,0:12:30,loeowl,0.14019644260406494,3
150,0:12:30,eueowl1,0.03796372935175896,4
150,0:12:30,brnowl,0.017875535413622856,5
151,0:12:35,tawowl1,0.09866050630807877,1
151,0:12:35,loeowl,0.07361812144517899,2
151,0:12:35,eurcoo,0.06022903323173523,3
151,0:12:35,grebit1,0.052126165479421616,4
151,0:12:35,commoo3,0.04585934802889824,5
152,0:12:40,tawowl1,0.15156018733978271,1
152,0:12:40,commoo3,0.06396907567977905,2
152,0:12:40,eurnig1,0.05745120346546173,3
152,0:12:40,eurcoo,0.05526584014296532,4
152,0:12:40,loeowl,0.045915551483631134,5
153,0:12:45,eueowl1,0.11346495896577835,1
153,0:12:45,loeowl,0.07797367125749588,2
153,0:12:45,tawowl1,0.068398118019104,3
153,0:12:45,watrai1,0.02599143795669079,4
153,0:12:45,commoo3,0.02584642916917801,5
154,0:12:50,tawowl1,0.08681569248437881,1
154,0:12:50,grebit1,0.045936666429042816,2
154,0:12:50,commoo3,0.03898216038942337,3
154,0:12:50,comqua1,0.03401857241988182,4
154,0:12:50,eueowl1,0.03195919841527939,5
155,0:12:55,tawowl1,0.07316496223211288,1
155,0:12:55,commoo3,0.05388679355382919,2
155,0:12:55,eueowl1,0.029301842674613,3
155,0:12:55,loeowl,0.027740733698010445,4
155,0:12:55,eurnig1,0.02498071826994419,5
156,0:13:00,tawowl1,0.06650256365537643,1
156,0:13:00,brnowl,0.06271734088659286,2
156,0:13:00,eueowl1,0.03391057252883911,3
156,0:13:00,loeowl,0.03262767195701599,4
156,0:13:00,litowl1,0.030305953696370125,5
157,0:13:05,litowl1,0.2407970428466797,1
157,0:13:05,brnowl,0.1927720308303833,2
157,0:13:05,tawowl1,0.05198400467634201,3
157,0:13:05,winwre4,0.022637242451310158,4
157,0:13:05,eueowl1,0.01854456029832363,5
158,0:13:10,tawowl1,0.06357008963823318,1
158,0:13:10,loeowl,0.03656889125704765,2
158,0:13:10,brnowl,0.0338895320892334,3
158,0:13:10,eueowl1,0.029564345255494118,4
158,0:13:10,eurcoo,0.020534971728920937,5
159,0:13:15,tawowl1,0.09581079334020615,1
159,0:13:15,eueowl1,0.06655216217041016,2
159,0:13:15,loeowl,0.03855803981423378,3
159,0:13:15,watrai1,0.0281203743070364,4
159,0:13:15,commoo3,0.025377489626407623,5
160,0:13:20,loeowl,0.10416262596845627,1
160,0:13:20,eueowl1,0.08096999675035477,2
160,0:13:20,comrav,0.06583438068628311,3
160,0:13:20,tawowl1,0.03068653494119644,4
160,0:13:20,rinphe,0.029012124985456467,5
161,0:13:25,tawowl1,0.16663675010204315,1
161,0:13:25,eueowl1,0.041784144937992096,2
161,0:13:25,eurrob1,0.03898515924811363,3
161,0:13:25,commoo3,0.038517098873853683,4
161,0:13:25,watrai1,0.03285722807049751,5
162,0:13:30,tawowl1,0.06482287496328354,1
162,0:13:30,blawoo1,0.05362279340624809,2
162,0:13:30,comrav,0.037088628858327866,3
162,0:13:30,loeowl,0.03188728541135788,4
162,0:13:30,watrai1,0.02984786219894886,5
163,0:13:35,tawowl1,0.06198703497648239,1
163,0:13:35,loeowl,0.061627935618162155,2
163,0:13:35,eueowl1,0.030284641310572624,3
163,0:13:35,watrai1,0.023070205003023148,4
163,0:13:35,comrav,0.016733355820178986,5
164,0:13:40,tawowl1,0.08755868673324585,1
164,0:13:40,brnowl,0.07282979786396027,2
164,0:13:40,watrai1,0.06088605523109436,3
164,0:13:40,eurcoo,0.053322140127420425,4
164,0:13:40,eueowl1,0.031041501089930534,5
165,0:13:45,commoo3,0.06124728173017502,1
165,0:13:45,tawowl1,0.052204716950654984,2
165,0:13:45,watrai1,0.04033083841204643,3
165,0:13:45,wilpta,0.0356639064848423,4
165,0:13:45,loeowl,0.03506430983543396,5
166,0:13:50,tawowl1,0.07485862076282501,1
166,0:13:50,eueowl1,0.043104901909828186,2
166,0:13:50,loeowl,0.037436697632074356,3
166,0:13:50,eurcoo,0.029104698449373245,4
166,0:13:50,watrai1,0.02358138933777809,5
167,0:13:55,tawowl1,0.09951329976320267,1
167,0:13:55,loeowl,0.052757810801267624,2
167,0:13:55,eueowl1,0.03443827107548714,3
167,0:13:55,eurcoo,0.02861875109374523,4
167,0:13:55,watrai1,0.02319157123565674,5
168,0:14:00,tawowl1,0.0855276808142662,1
168,0:14:00,loeowl,0.05088404193520546,2
168,0:14:00,eurcoo,0.04066646471619606,3
168,0:14:00,commoo3,0.02714456245303154,4
168,0:14:00,eueowl1,0.025950390845537186,5
169,0:14:05,eurrob1,0.1361786276102066,1
169,0:14:05,eurtre1,0.12914623320102692,2
169,0:14:05,hazgro1,0.03694895654916763,3
169,0:14:05,winwre4,0.032864902168512344,4
169,0:14:05,loeowl,0.03274190053343773,5
170,0:14:10,graher1,0.20256458222866058,1
170,0:14:10,eueowl1,0.0992925763130188,2
170,0:14:10,loeowl,0.08226308971643448,3
170,0:14:10,mallar3,0.05961086228489876,4
170,0:14:10,eurcoo,0.0489843375980854,5
171,0:14:15,tawowl1,0.0859951376914978,1
171,0:14:15,grebit1,0.051407478749752045,2
171,0:14:15,eueowl1,0.047020647674798965,3
171,0:14:15,watrai1,0.042621273547410965,4
171,0:14:15,eurcoo,0.028820782899856567,5
172,0:14:20,tawowl1,0.06912071257829666,1
172,0:14:20,watrai1,0.03654608130455017,2
172,0:14:20,eurcoo,0.035956237465143204,3
172,0:14:20,commoo3,0.03586909919977188,4
172,0:14:20,eueowl1,0.035159800201654434,5
173,0:14:25,tawowl1,0.10688934475183487,1
173,0:14:25,loeowl,0.05907970666885376,2
173,0:14:25,commoo3,0.053676314651966095,3
173,0:14:25,eurcoo,0.05059986189007759,4
173,0:14:25,eueowl1,0.03960919380187988,5
174,0:14:30,tawowl1,0.09492916613817215,1
174,0:14:30,loeowl,0.06260170787572861,2
174,0:14:30,eurcoo,0.05497606098651886,3
174,0:14:30,eueowl1,0.048814158886671066,4
174,0:14:30,commoo3,0.033350128680467606,5
175,0:14:35,tawowl1,0.08183587342500687,1
175,0:14:35,loeowl,0.06411842256784439,2
175,0:14:35,eurcoo,0.0494031086564064,3
175,0:14:35,eueowl1,0.04197857528924942,4
175,0:14:35,brnowl,0.027581026777625084,5
176,0:14:40,tawowl1,0.07812505960464478,1
176,0:14:40,eueowl1,0.0770881399512291,2
176,0:14:40,loeowl,0.05041103437542915,3
176,0:14:40,commoo3,0.04600512981414795,4
176,0:14:40,watrai1,0.032366640865802765,5
177,0:14:45,blawoo1,0.35012754797935486,1
177,0:14:45,tawowl1,0.07074281573295593,2
177,0:14:45,loeowl,0.03702081739902496,3
177,0:14:45,brnowl,0.02821255661547184,4
177,0:14:45,watrai1,0.020822403952479362,5
178,0:14:50,tawowl1,0.07326271384954453,1
178,0:14:50,loeowl,0.056329384446144104,2
178,0:14:50,winwre4,0.03928336873650551,3
178,0:14:50,eueowl1,0.0371008962392807,4
178,0:14:50,watrai1,0.023237057030200958,5
179,0:14:55,tawowl1,0.04794114828109741,1
179,0:14:55,grebit1,0.03602086007595062,2
179,0:14:55,loeowl,0.03048764355480671,3
179,0:14:55,redwin,0.02637702412903309,4
179,0:14:55,eueowl1,0.025664277374744415,5
180,0:15:00,eurrob1,0.16593191027641296,1
180,0:15:00,eurbla,0.0509333461523056,2
180,0:15:00,tawowl1,0.04771266132593155,3
180,0:15:00,loeowl,0.03312727063894272,4
180,0:15:00,sonthr1,0.030305996537208557,5
181,0:15:05,comrav,0.05060204491019249,1
181,0:15:05,tawowl1,0.049788761883974075,2
181,0:15:05,eurrob1,0.045782141387462616,3
181,0:15:05,loeowl,0.03782055154442787,4
181,0:15:05,eueowl1,0.036014214158058167,5
182,0:15:10,tawowl1,0.13053566217422485,1
182,0:15:10,loeowl,0.04960564151406288,2
182,0:15:10,grebit1,0.045315202325582504,3
182,0:15:10,eueowl1,0.04369799792766571,4
182,0:15:10,commoo3,0.039535101503133774,5
183,0:15:15,tawowl1,0.07744107395410538,1
183,0:15:15,eurcoo,0.06628396362066269,2
183,0:15:15,loeowl,0.049493227154016495,3
183,0:15:15,commoo3,0.04914701730012894,4
183,0:15:15,eueowl1,0.04458330571651459,5
184,0:15:20,tawowl1,0.0663955882191658,1
184,0:15:20,commoo3,0.06188639998435974,2
184,0:15:20,loeowl,0.048487093299627304,3
184,0:15:20,eurnig1,0.04714454710483551,4
184,0:15:20,eurcoo,0.04038958624005318,5
185,0:15:25,commoo3,0.07704354077577591,1
185,0:15:25,watrai1,0.06271953135728836,2
185,0:15:25,grebit1,0.043497513979673386,3
185,0:15:25,eueowl1,0.04064743220806122,4
185,0:15:25,eurnig1,0.038935285061597824,5
186,0:15:30,tawowl1,0.07052110135555267,1
186,0:15:30,eurrob1,0.04625346511602402,2
186,0:15:30,sonthr1,0.045921944081783295,3
186,0:15:30,loeowl,0.04138252139091492,4
186,0:15:30,eueowl1,0.04095302149653435,5
187,0:15:35,eurcoo,0.0670199766755104,1
187,0:15:35,tawowl1,0.06298409402370453,2
187,0:15:35,commoo3,0.05773229897022247,3
187,0:15:35,loeowl,0.053441714495420456,4
187,0:15:35,eueowl1,0.04012216627597809,5
188,0:15:40,tawowl1,0.06640838086605072,1
188,0:15:40,loeowl,0.04624508321285248,2
188,0:15:40,eueowl1,0.03679639473557472,3
188,0:15:40,eurnig1,0.027466390281915665,4
188,0:15:40,commoo3,0.021772217005491257,5
189,0:15:45,tawowl1,0.09488033503293991,1
189,0:15:45,loeowl,0.046451978385448456,2
189,0:15:45,commoo3,0.03402211517095566,3
189,0:15:45,eurbla,0.031153040006756783,4
189,0:15:45,eurnig1,0.029683377593755722,5
190,0:15:50,brnowl,0.3063046634197235,1
190,0:15:50,loeowl,0.19703823328018188,2
190,0:15:50,tawowl1,0.16898679733276367,3
190,0:15:50,eurjay1,0.04016256704926491,4
190,0:15:50,eueowl1,0.017984934151172638,5
191,0:15:55,tawowl1,0.0644228532910347,1
191,0:15:55,eueowl1,0.047500837594270706,2
191,0:15:55,comqua1,0.039718497544527054,3
191,0:15:55,commoo3,0.03581469878554344,4
191,0:15:55,grebit1,0.032810110598802567,5
192,0:16:00,brnowl,0.1998925805091858,1
192,0:16:00,tawowl1,0.16008901596069336,2
192,0:16:00,loeowl,0.05920632928609848,3
192,0:16:00,litowl1,0.035480838268995285,4
192,0:16:00,eueowl1,0.03500855714082718,5
193,0:16:05,tawowl1,0.1107010766863823,1
193,0:16:05,loeowl,0.08411113172769547,2
193,0:16:05,eurcoo,0.057643864303827286,3
193,0:16:05,commoo3,0.04575115814805031,4
193,0:16:05,eueowl1,0.034754540771245956,5
194,0:16:10,tawowl1,0.0821625366806984,1
194,0:16:10,loeowl,0.07454117387533188,2
194,0:16:10,comqua1,0.036875732243061066,3
194,0:16:10,eurcoo,0.03234906494617462,4
194,0:16:10,eurwoo,0.027554932981729507,5
195,0:16:15,tawowl1,0.13781601190567017,1
195,0:16:15,loeowl,0.04412620887160301,2
195,0:16:15,eueowl1,0.03469334915280342,3
195,0:16:15,eurcoo,0.033853355795145035,4
195,0:16:15,eurnig1,0.03384961187839508,5
196,0:16:20,tawowl1,0.04231661185622215,1
196,0:16:20,watrai1,0.03892508149147034,2
196,0:16:20,eurcoo,0.03393130004405975,3
196,0:16:20,eueowl1,0.03093770705163479,4
196,0:16:20,loeowl,0.022709401324391365,5
197,0:16:25,tawowl1,0.06954065710306168,1
197,0:16:25,eueowl1,0.061291228979825974,2
197,0:16:25,commoo3,0.055282190442085266,3
197,0:16:25,eurcoo,0.05367941036820412,4
197,0:16:25,watrai1,0.04450061917304993,5
198,0:16:30,tawowl1,0.08882172405719757,1
198,0:16:30,eueowl1,0.04215312376618385,2
198,0:16:30,eurcoo,0.0385909266769886,3
198,0:16:30,commoo3,0.035650163888931274,4
198,0:16:30,watrai1,0.03386128693819046,5
199,0:16:35,tawowl1,0.07629145681858063,1
199,0:16:35,loeowl,0.051006145775318146,2
199,0:16:35,eueowl1,0.04669154807925224,3
199,0:16:35,commoo3,0.03847493231296539,4
199,0:16:35,watrai1,0.03512942045927048,5
200,0:16:40,tawowl1,0.1615917831659317,1
200,0:16:40,eueowl1,0.058903295546770096,2
200,0:16:40,loeowl,0.04681599140167236,3
200,0:16:40,eurcoo,0.040838345885276794,4
200,0:16:40,comqua1,0.029832296073436737,5
201,0:16:45,tawowl1,0.09247920662164688,1
201,0:16:45,eueowl1,0.04979444667696953,2
201,0:16:45,loeowl,0.0430864579975605,3
201,0:16:45,grebit1,0.03917044773697853,4
201,0:16:45,comrav,0.03390522673726082,5
202,0:16:50,tawowl1,0.10100755840539932,1
202,0:16:50,loeowl,0.06030379980802536,2
202,0:16:50,eueowl1,0.03775990381836891,3
202,0:16:50,commoo3,0.0323198102414608,4
202,0:16:50,comqua1,0.027209918946027756,5
203,0:16:55,tawowl1,0.09299206733703613,1
203,0:16:55,loeowl,0.07644154131412506,2
203,0:16:55,eueowl1,0.03405379876494408,3
203,0:16:55,eurnig1,0.02901899442076683,4
203,0:16:55,grebit1,0.028157632797956467,5
204,0:17:00,tawowl1,0.07669083774089813,1
204,0:17:00,loeowl,0.04767676070332527,2
204,0:17:00,eurcoo,0.03792301192879677,3
204,0:17:00,commoo3,0.03238985314965248,4
204,0:17:00,grebit1,0.029315954074263573,5
205,0:17:05,tawowl1,0.10362710803747177,1
205,0:17:05,loeowl,0.050376102328300476,2
205,0:17:05,watrai1,0.033622533082962036,3
205,0:17:05,eueowl1,0.02975357510149479,4
205,0:17:05,grebit1,0.028696980327367783,5
206,0:17:10,shtgro,0.06383337825536728,1
206,0:17:10,comrav,0.05836815387010574,2
206,0:17:10,tawowl1,0.05325755849480629,3
206,0:17:10,rinphe,0.044947393238544464,4
206,0:17:10,manshe,0.04411740601062775,5
207,0:17:15,grebit1,0.11955320090055466,1
207,0:17:15,tawowl1,0.09101592004299164,2
207,0:17:15,watrai1,0.033670201897621155,3
207,0:17:15,comqua1,0.02774895913898945,4
207,0:17:15,commoo3,0.027344223111867905,5
208,0:17:20,tawowl1,0.08590678870677948,1
208,0:17:20,loeowl,0.05274653062224388,2
208,0:17:20,eueowl1,0.047365471720695496,3
208,0:17:20,eurcoo,0.04482141509652138,4
208,0:17:20,commoo3,0.03582577034831047,5
209,0:17:25,tawowl1,0.07654858380556107,1
209,0:17:25,eueowl1,0.04458146542310715,2
209,0:17:25,loeowl,0.03518879786133766,3
209,0:17:25,eurcoo,0.034235239028930664,4
209,0:17:25,watrai1,0.03253396227955818,5
210,0:17:30,tawowl1,0.07574191689491272,1
210,0:17:30,loeowl,0.05357818678021431,2
210,0:17:30,commoo3,0.0422576479613781,3
210,0:17:30,eurnig1,0.03283721208572388,4
210,0:17:30,eueowl1,0.030413515865802765,5
211,0:17:35,tawowl1,0.10558722168207169,1
211,0:17:35,loeowl,0.08258774876594543,2
211,0:17:35,commoo3,0.0536225326359272,3
211,0:17:35,eurcoo,0.046414412558078766,4
211,0:17:35,eueowl1,0.03213633969426155,5
212,0:17:40,tawowl1,0.07368553429841995,1
212,0:17:40,loeowl,0.07215428352355957,2
212,0:17:40,commoo3,0.04955785349011421,3
212,0:17:40,eurcoo,0.0441608801484108,4
212,0:17:40,eueowl1,0.040275849401950836,5
213,0:17:45,tawowl1,0.12245021760463715,1
213,0:17:45,commoo3,0.0999908298254013,2
213,0:17:45,eurcoo,0.0544714629650116,3
213,0:17:45,loeowl,0.05028584972023964,4
213,0:17:45,eueowl1,0.03302930295467377,5
214,0:17:50,tawowl1,0.07368971407413483,1
214,0:17:50,loeowl,0.0721682459115982,2
214,0:17:50,eueowl1,0.06254404783248901,3
214,0:17:50,eurcoo,0.05220281332731247,4
214,0:17:50,uraowl1,0.03683304414153099,5
215,0:17:55,loeowl,0.16179078817367554,1
215,0:17:55,watrai1,0.06532726436853409,2
215,0:17:55,eurrob1,0.036373019218444824,3
215,0:17:55,eurcoo,0.03153727576136589,4
215,0:17:55,cetwar1,0.027396533638238907,5
216,0:18:00,commoo3,0.0790087953209877,1
216,0:18:00,comqua1,0.061380136758089066,2
216,0:18:00,eueowl1,0.04537113755941391,3
216,0:18:00,eurcoo,0.04530738294124603,4
216,0:18:00,watrai1,0.035078100860118866,5
217,0:18:05,tawowl1,0.09820910543203354,1
217,0:18:05,loeowl,0.055150069296360016,2
217,0:18:05,commoo3,0.027192825451493263,3
217,0:18:05,eueowl1,0.02700228802859783,4
217,0:18:05,eurcoo,0.022765280678868294,5
218,0:18:10,tawowl1,0.08544573187828064,1
218,0:18:10,loeowl,0.08002316206693649,2
218,0:18:10,eurcoo,0.06208192929625511,3
218,0:18:10,uraowl1,0.05931517854332924,4
218,0:18:10,eueowl1,0.034949932247400284,5
219,0:18:15,tawowl1,0.08223939687013626,1
219,0:18:15,loeowl,0.06210895627737045,2
219,0:18:15,eurcoo,0.05512981489300728,3
219,0:18:15,commoo3,0.04526859149336815,4
219,0:18:15,eueowl1,0.03175299987196922,5
220,0:18:20,tawowl1,0.0862763300538063,1
220,0:18:20,eurrob1,0.07006628066301346,2
220,0:18:20,watrai1,0.04927249252796173,3
220,0:18:20,hawfin,0.03228253498673439,4
220,0:18:20,loeowl,0.030300451442599297,5
221,0:18:25,eurnig1,0.0784493014216423,1
221,0:18:25,commoo3,0.04534386470913887,2
221,0:18:25,eueowl1,0.0415174625813961,3
221,0:18:25,comqua1,0.040763650089502335,4
221,0:18:25,tawowl1,0.040531035512685776,5
222,0:18:30,eurrob1,0.07913485169410706,1
222,0:18:30,tawowl1,0.03612722083926201,2
222,0:18:30,eurcoo,0.033805038779973984,3
222,0:18:30,watrai1,0.02931784838438034,4
222,0:18:30,eueowl1,0.026563027873635292,5
223,0:18:35,manshe,0.09562573581933975,1
223,0:18:35,eurcoo,0.05454377830028534,2
223,0:18:35,tawowl1,0.0490775927901268,3
223,0:18:35,eueowl1,0.04205213859677315,4
223,0:18:35,commoo3,0.041263699531555176,5
224,0:18:40,eurrob1,0.14491188526153564,1
224,0:18:40,tawowl1,0.036642033606767654,2
224,0:18:40,spofly1,0.026957018300890923,3
224,0:18:40,eueowl1,0.02468765527009964,4
224,0:18:40,shttre1,0.023228101432323456,5
225,0:18:45,eueowl1,0.14495258033275604,1
225,0:18:45,loeowl,0.09522030502557755,2
225,0:18:45,tawowl1,0.06842131912708282,3
225,0:18:45,uraowl1,0.03859354928135872,4
225,0:18:45,watrai1,0.024079784750938416,5
226,0:18:50,tawowl1,0.09269864857196808,1
226,0:18:50,eurcoo,0.046991679817438126,2
226,0:18:50,loeowl,0.03568397834897041,3
226,0:18:50,eueowl1,0.032162852585315704,4
226,0:18:50,commoo3,0.031150000169873238,5
227,0:18:55,tawowl1,0.10450386255979538,1
227,0:18:55,eueowl1,0.03974590077996254,2
227,0:18:55,eurcoo,0.03900042176246643,3
227,0:18:55,loeowl,0.038928404450416565,4
227,0:18:55,commoo3,0.03349209576845169,5
228,0:19:00,tawowl1,0.07724548131227493,1
228,0:19:00,loeowl,0.06188121810555458,2
228,0:19:00,eueowl1,0.0565648078918457,3
228,0:19:00,brnowl,0.03164343535900116,4
228,0:19:00,grhowl,0.02775580622255802,5
229,0:19:05,tawowl1,0.09222041815519333,1
229,0:19:05,eurcoo,0.047868628054857254,2
229,0:19:05,commoo3,0.037835393100976944,3
229,0:19:05,loeowl,0.03525133803486824,4
229,0:19:05,eurnig1,0.03293480724096298,5
230,0:19:10,tawowl1,0.12567535042762756,1
230,0:19:10,loeowl,0.06886222213506699,2
230,0:19:10,eurcoo,0.061071332544088364,3
230,0:19:10,commoo3,0.05669344589114189,4
230,0:19:10,eueowl1,0.04204964637756348,5
231,0:19:15,loeowl,0.09589176625013351,1
231,0:19:15,tawowl1,0.07706895470619202,2
231,0:19:15,eurcoo,0.04541470482945442,3
231,0:19:15,eueowl1,0.03318195044994354,4
231,0:19:15,eurnig1,0.023665620014071465,5
232,0:19:20,tawowl1,0.11584150791168213,1
232,0:19:20,loeowl,0.051404811441898346,2
232,0:19:20,manshe,0.049858056008815765,3
232,0:19:20,eurnig1,0.03301350399851799,4
232,0:19:20,eueowl1,0.032942041754722595,5
233,0:19:25,tawowl1,0.07238780707120895,1
233,0:19:25,eueowl1,0.05101289972662926,2
233,0:19:25,commoo3,0.04246041551232338,3
233,0:19:25,loeowl,0.028879916295409203,4
233,0:19:25,eurcoo,0.02697746455669403,5
234,0:19:30,tawowl1,0.06831951439380646,1
234,0:19:30,eueowl1,0.05367168411612511,2
234,0:19:30,loeowl,0.03973604738712311,3
234,0:19:30,grhowl,0.030304184183478355,4
234,0:19:30,watrai1,0.02859729900956154,5
235,0:19:35,tawowl1,0.09500022232532501,1
235,0:19:35,eueowl1,0.047414980828762054,2
235,0:19:35,grhowl,0.03786398842930794,3
235,0:19:35,loeowl,0.02712389826774597,4
235,0:19:35,commoo3,0.025450674816966057,5
236,0:19:40,tawowl1,0.06601737439632416,1
236,0:19:40,eueowl1,0.04822775721549988,2
236,0:19:40,grhowl,0.0358131006360054,3
236,0:19:40,loeowl,0.029838772490620613,4
236,0:19:40,watrai1,0.023832108825445175,5
237,0:19:45,tawowl1,0.07283845543861389,1
237,0:19:45,eueowl1,0.04249635711312294,2
237,0:19:45,loeowl,0.023984258994460106,3
237,0:19:45,sonthr1,0.01927805319428444,4
237,0:19:45,watrai1,0.01875287853181362,5
238,0:19:50,tawowl1,0.04994182661175728,1
238,0:19:50,eueowl1,0.02956210821866989,2
238,0:19:50,loeowl,0.02382712811231613,3
238,0:19:50,commoo3,0.02076415903866291,4
238,0:19:50,watrai1,0.01854046992957592,5
239,0:19:55,sonthr1,0.08545225858688354,1
239,0:19:55,tawowl1,0.06975700706243515,2
239,0:19:55,brnowl,0.056590594351291656,3
239,0:19:55,loeowl,0.0452117882668972,4
239,0:19:55,eueowl1,0.02915366366505623,5
240,0:20:00,eurrob1,0.0859256163239479,1
240,0:20:00,eurcoo,0.04512324184179306,2
240,0:20:00,watrai1,0.03612218797206879,3
240,0:20:00,spofly1,0.03536815941333771,4
240,0:20:00,tawowl1,0.028673505410552025,5
241,0:20:05,eurcoo,0.1711176335811615,1
241,0:20:05,watrai1,0.06764482706785202,2
241,0:20:05,tawowl1,0.03524777293205261,3
241,0:20:05,commoo3,0.03389329835772514,4
241,0:20:05,gragoo,0.025482183322310448,5
242,0:20:10,tawowl1,0.10445962846279144,1
242,0:20:10,loeowl,0.06684733927249908,2
242,0:20:10,eurcoo,0.05316736549139023,3
242,0:20:10,eueowl1,0.05289103835821152,4
242,0:20:10,commoo3,0.03467320650815964,5
243,0:20:15,tawowl1,0.08922471106052399,1
243,0:20:15,watrai1,0.06832791864871979,2
243,0:20:15,loeowl,0.026452839374542236,3
243,0:20:15,eurcoo,0.0250869058072567,4
243,0:20:15,eueowl1,0.022771134972572327,5
244,0:20:20,brnowl,0.10565659403800964,1
244,0:20:20,blawoo1,0.06884589791297913,2
244,0:20:20,tawowl1,0.050243448466062546,3
244,0:20:20,litowl1,0.03123864158987999,4
244,0:20:20,eurgre1,0.023308536037802696,5
245,0:20:25,tawowl1,0.10488680750131607,1
245,0:20:25,loeowl,0.05361231788992882,2
245,0:20:25,eueowl1,0.04174557328224182,3
245,0:20:25,brnowl,0.03346210718154907,4
245,0:20:25,watrai1,0.02370615117251873,5
246,0:20:30,tawowl1,0.053252652287483215,1
246,0:20:30,loeowl,0.04605450853705406,2
246,0:20:30,eueowl1,0.04310639947652817,3
246,0:20:30,watrai1,0.03726856783032417,4
246,0:20:30,grebit1,0.02099606767296791,5
247,0:20:35,tawowl1,0.10438583791255951,1
247,0:20:35,eurcoo,0.05432787165045738,2
247,0:20:35,watrai1,0.04675374925136566,3
247,0:20:35,eueowl1,0.04658055678009987,4
247,0:20:35,commoo3,0.046333182603120804,5
248,0:20:40,eurjay1,0.12778843939304352,1
248,0:20:40,tawowl1,0.07582321763038635,2
248,0:20:40,eueowl1,0.0616280697286129,3
248,0:20:40,loeowl,0.025848235934972763,4
248,0:20:40,eurwig,0.02231898345053196,5
249,0:20:45,tawowl1,0.07096795737743378,1
249,0:20:45,eueowl1,0.0632721483707428,2
249,0:20:45,loeowl,0.05760381743311882,3
249,0:20:45,commoo3,0.03949396684765816,4
249,0:20:45,eurcoo,0.0353383868932724,5
250,0:20:50,tawowl1,0.07848675549030304,1
250,0:20:50,loeowl,0.06906289607286453,2
250,0:20:50,eueowl1,0.047119222581386566,3
250,0:20:50,commoo3,0.03442931920289993,4
250,0:20:50,comqua1,0.03073728270828724,5
251,0:20:55,eueowl1,0.09162858873605728,1
251,0:20:55,loeowl,0.07052967697381973,2
251,0:20:55,eurnig1,0.06419369578361511,3
251,0:20:55,tawowl1,0.045558758080005646,4
251,0:20:55,eurcoo,0.044730447232723236,5
252,0:21:00,tawowl1,0.06750096380710602,1
252,0:21:00,eueowl1,0.059389449656009674,2
252,0:21:00,watrai1,0.033698346465826035,3
252,0:21:00,loeowl,0.03106781467795372,4
252,0:21:00,eurcoo,0.02997719682753086,5
253,0:21:05,tawowl1,0.11212972551584244,1
253,0:21:05,commoo3,0.09097389876842499,2
253,0:21:05,brnowl,0.05517319217324257,3
253,0:21:05,watrai1,0.05178169161081314,4
253,0:21:05,eurcoo,0.050314679741859436,5
254,0:21:10,eueowl1,0.046279359608888626,1
254,0:21:10,eurcoo,0.04462362825870514,2
254,0:21:10,tawowl1,0.037661436945199966,3
254,0:21:10,grebit1,0.03424674645066261,4
254,0:21:10,loeowl,0.03163285180926323,5
255,0:21:15,loeowl,0.9689926505088806,1
255,0:21:15,eurcoo,0.004111841320991516,2
255,0:21:15,watrai1,0.003698929911479354,3
255,0:21:15,dunlin,0.001595426700077951,4
255,0:21:15,tawowl1,0.0011902654077857733,5
256,0:21:20,eueowl1,0.23839852213859558,1
256,0:21:20,loeowl,0.09029029309749603,2
256,0:21:20,tawowl1,0.052495814859867096,3
256,0:21:20,litbit1,0.048783496022224426,4
256,0:21:20,commoo3,0.04482657462358475,5
257,0:21:25,commoo3,0.0797276571393013,1
257,0:21:25,eurcoo,0.07095758616924286,2
257,0:21:25,tawowl1,0.0671483501791954,3
257,0:21:25,watrai1,0.050501078367233276,4
257,0:21:25,eueowl1,0.050437845289707184,5
258,0:21:30,tawowl1,0.08186770975589752,1
258,0:21:30,commoo3,0.06569577008485794,2
258,0:21:30,eurcoo,0.060229383409023285,3
258,0:21:30,loeowl,0.04792409762740135,4
258,0:21:30,eueowl1,0.04394702613353729,5
259,0:21:35,tawowl1,0.08532942831516266,1
259,0:21:35,loeowl,0.05117468908429146,2
259,0:21:35,eueowl1,0.03947772830724716,3
259,0:21:35,commoo3,0.036290235817432404,4
259,0:21:35,eurcoo,0.0360841266810894,5
260,0:21:40,tawowl1,0.10499600321054459,1
260,0:21:40,loeowl,0.07989265024662018,2
260,0:21:40,eurcoo,0.05097319558262825,3
260,0:21:40,commoo3,0.04143012315034866,4
260,0:21:40,eueowl1,0.0317363440990448,5
261,0:21:45,loeowl,0.07978168874979019,1
261,0:21:45,tawowl1,0.07948204129934311,2
261,0:21:45,commoo3,0.03195100650191307,3
261,0:21:45,eurnig1,0.030063321813941002,4
261,0:21:45,uraowl1,0.02971706911921501,5
262,0:21:50,tawowl1,0.11148349940776825,1
262,0:21:50,loeowl,0.07865098863840103,2
262,0:21:50,commoo3,0.0565667450428009,3
262,0:21:50,eurcoo,0.052086375653743744,4
262,0:21:50,eueowl1,0.030718963593244553,5
263,0:21:55,tawowl1,0.1011626273393631,1
263,0:21:55,loeowl,0.08938073366880417,2
263,0:21:55,eueowl1,0.04161310940980911,3
263,0:21:55,commoo3,0.03709262236952782,4
263,0:21:55,eurcoo,0.03194032609462738,5
264,0:22:00,tawowl1,0.10658712685108185,1
264,0:22:00,eueowl1,0.04696507006883621,2
264,0:22:00,loeowl,0.04106640815734863,3
264,0:22:00,comqua1,0.024858776479959488,4
264,0:22:00,commoo3,0.024828201159834862,5
265,0:22:05,eueowl1,0.1075558289885521,1
265,0:22:05,tawowl1,0.07572432607412338,2
265,0:22:05,loeowl,0.04388808459043503,3
265,0:22:05,watrai1,0.032837796956300735,4
265,0:22:05,grebit1,0.026757681742310524,5
266,0:22:10,eueowl1,0.09883666783571243,1
266,0:22:10,tawowl1,0.05743573606014252,2
266,0:22:10,brnowl,0.038566954433918,3
266,0:22:10,loeowl,0.03232699632644653,4
266,0:22:10,commoo3,0.02953179180622101,5
267,0:22:15,tawowl1,0.0725550577044487,1
267,0:22:15,commoo3,0.05140329524874687,2
267,0:22:15,grebit1,0.040374506264925,3
267,0:22:15,eueowl1,0.032423581928014755,4
267,0:22:15,loeowl,0.02956702560186386,5
268,0:22:20,tawowl1,0.07291490584611893,1
268,0:22:20,watrai1,0.03877686709165573,2
268,0:22:20,eueowl1,0.034566305577754974,3
268,0:22:20,loeowl,0.033323004841804504,4
268,0:22:20,eurcoo,0.03222430869936943,5
269,0:22:25,watrai1,0.09577888995409012,1
269,0:22:25,tawowl1,0.07732899487018585,2
269,0:22:25,eugplo,0.04660111293196678,3
269,0:22:25,loeowl,0.032575804740190506,4
269,0:22:25,eurcoo,0.027096958830952644,5
270,0:22:30,tawowl1,0.12429709732532501,1
270,0:22:30,loeowl,0.06963309645652771,2
270,0:22:30,commoo3,0.0347592793405056,3
270,0:22:30,eueowl1,0.031238751485943794,4
270,0:22:30,eurcoo,0.025518104434013367,5
271,0:22:35,tawowl1,0.09324432164430618,1
271,0:22:35,loeowl,0.09135380387306213,2
271,0:22:35,uraowl1,0.030923763290047646,3
271,0:22:35,eurnig1,0.02889026142656803,4
271,0:22:35,eueowl1,0.02712392993271351,5
272,0:22:40,loeowl,0.08887812495231628,1
272,0:22:40,tawowl1,0.06632942706346512,2
272,0:22:40,eurnig1,0.03231244161725044,3
272,0:22:40,commoo3,0.03163924068212509,4
272,0:22:40,eurcoo,0.02555503323674202,5
273,0:22:45,tawowl1,0.10301618278026581,1
273,0:22:45,loeowl,0.06539850682020187,2
273,0:22:45,commoo3,0.049470700323581696,3
273,0:22:45,eurcoo,0.04383062943816185,4
273,0:22:45,eurnig1,0.03633298724889755,5
274,0:22:50,tawowl1,0.09097477048635483,1
274,0:22:50,loeowl,0.06775207817554474,2
274,0:22:50,commoo3,0.0511603057384491,3
274,0:22:50,eurnig1,0.03424400836229324,4
274,0:22:50,eueowl1,0.028676429763436317,5
275,0:22:55,tawowl1,0.07850779592990875,1
275,0:22:55,loeowl,0.05097857490181923,2
275,0:22:55,eueowl1,0.03842412680387497,3
275,0:22:55,commoo3,0.02781623974442482,4
275,0:22:55,eurcoo,0.026768872514367104,5
276,0:23:00,tawowl1,0.12814515829086304,1
276,0:23:00,eueowl1,0.046180617064237595,2
276,0:23:00,loeowl,0.04512203857302666,3
276,0:23:00,grebit1,0.035994622856378555,4
276,0:23:00,commoo3,0.03069365955889225,5
277,0:23:05,tawowl1,0.11163575202226639,1
277,0:23:05,loeowl,0.048339664936065674,2
277,0:23:05,commoo3,0.041744574904441833,3
277,0:23:05,eueowl1,0.039662446826696396,4
277,0:23:05,eurcoo,0.036267008632421494,5
278,0:23:10,grebit1,0.0769772157073021,1
278,0:23:10,tawowl1,0.04850894585251808,2
278,0:23:10,loeowl,0.03744802996516228,3
278,0:23:10,watrai1,0.024038158357143402,4
278,0:23:10,comrav,0.023969700559973717,5
279,0:23:15,sonthr1,0.09267356246709824,1
279,0:23:15,litbun,0.06152869760990143,2
279,0:23:15,eurrob1,0.0515589639544487,3
279,0:23:15,comrav,0.04428350180387497,4
279,0:23:15,goldcr1,0.04424510896205902,5
280,0:23:20,tawowl1,0.1419074684381485,1
280,0:23:20,loeowl,0.08167559653520584,2
280,0:23:20,eurcoo,0.043612945824861526,3
280,0:23:20,eueowl1,0.04274539276957512,4
280,0:23:20,brnowl,0.03797541931271553,5
281,0:23:25,eugplo,0.12280113250017166,1
281,0:23:25,loeowl,0.07217006385326385,2
281,0:23:25,tawowl1,0.06774894148111343,3
281,0:23:25,commoo3,0.05934188514947891,4
281,0:23:25,eurcoo,0.056286849081516266,5
282,0:23:30,tawowl1,0.10747535526752472,1
282,0:23:30,loeowl,0.0786072164773941,2
282,0:23:30,commoo3,0.07782189548015594,3
282,0:23:30,eurcoo,0.049233052879571915,4
282,0:23:30,eurnig1,0.037638865411281586,5
283,0:23:35,loeowl,0.11363419145345688,1
283,0:23:35,eueowl1,0.07397234439849854,2
283,0:23:35,tawowl1,0.048960182815790176,3
283,0:23:35,commoo3,0.04069695621728897,4
283,0:23:35,eurcoo,0.035170502960681915,5
284,0:23:40,loeowl,0.09032110124826431,1
284,0:23:40,tawowl1,0.07594145089387894,2
284,0:23:40,eueowl1,0.04525760933756828,3
284,0:23:40,commoo3,0.04294680058956146,4
284,0:23:40,eurcoo,0.03250380605459213,5
285,0:23:45,loeowl,0.12427278608083725,1
285,0:23:45,brnowl,0.11033885180950165,2
285,0:23:45,tawowl1,0.06009937822818756,3
285,0:23:45,eueowl1,0.04770280793309212,4
285,0:23:45,sonthr1,0.04407021030783653,5
286,0:23:50,tawowl1,0.07485583424568176,1
286,0:23:50,eueowl1,0.06316154450178146,2
286,0:23:50,loeowl,0.06010223552584648,3
286,0:23:50,watrai1,0.035675954073667526,4
286,0:23:50,eurcoo,0.03293044865131378,5
287,0:23:55,brnowl,0.3441627025604248,1
287,0:23:55,litowl1,0.07500036060810089,2
287,0:23:55,eueowl1,0.04736107587814331,3
287,0:23:55,loeowl,0.03987715765833855,4
287,0:23:55,eurjay1,0.02413155511021614,5
288,0:24:00,tawowl1,0.055572763085365295,1
288,0:24:00,loeowl,0.03808518126606941,2
288,0:24:00,eurcoo,0.029228078201413155,3
288,0:24:00,eueowl1,0.024275701493024826,4
288,0:24:00,comrav,0.02318846620619297,5
289,0:24:05,loeowl,0.12450382858514786,1
289,0:24:05,eueowl1,0.1067008376121521,2
289,0:24:05,tawowl1,0.08748741447925568,3
289,0:24:05,uraowl1,0.06917010247707367,4
289,0:24:05,grhowl,0.030031956732273102,5
290,0:24:10,eueowl1,0.09343601018190384,1
290,0:24:10,loeowl,0.08516646176576614,2
290,0:24:10,tawowl1,0.06292390823364258,3
290,0:24:10,uraowl1,0.02634461782872677,4
290,0:24:10,comqua1,0.019986258819699287,5
291,0:24:15,tawowl1,0.10786249488592148,1
291,0:24:15,loeowl,0.052450213581323624,2
291,0:24:15,eueowl1,0.04460432380437851,3
291,0:24:15,commoo3,0.04239629581570625,4
291,0:24:15,eurcoo,0.038942936807870865,5
292,0:24:20,tawowl1,0.08909308165311813,1
292,0:24:20,eurcoo,0.03832319751381874,2
292,0:24:20,commoo3,0.03745172545313835,3
292,0:24:20,loeowl,0.0345010869204998,4
292,0:24:20,watrai1,0.03432423621416092,5
293,0:24:25,tawowl1,0.06367209553718567,1
293,0:24:25,eueowl1,0.05827266722917557,2
293,0:24:25,eurrob1,0.033585771918296814,3
293,0:24:25,commoo3,0.031922195106744766,4
293,0:24:25,comqua1,0.03052476793527603,5
294,0:24:30,tawowl1,0.07661165297031403,1
294,0:24:30,commoo3,0.045313384383916855,2
294,0:24:30,eueowl1,0.042177923023700714,3
294,0:24:30,eurcoo,0.03784159943461418,4
294,0:24:30,comqua1,0.036320287734270096,5
295,0:24:35,tawowl1,0.08669295907020569,1
295,0:24:35,eueowl1,0.07222402095794678,2
295,0:24:35,loeowl,0.0425347238779068,3
295,0:24:35,watrai1,0.025087455287575722,4
295,0:24:35,eurrob1,0.021363697946071625,5
296,0:24:40,loeowl,0.39292681217193604,1
296,0:24:40,brnowl,0.040180955082178116,2
296,0:24:40,bkcgna,0.038979772478342056,3
296,0:24:40,whlgna2,0.03426840156316757,4
296,0:24:40,wetshe,0.032214656472206116,5
297,0:24:45,brnowl,0.15716378390789032,1
297,0:24:45,litowl1,0.12076791375875473,2
297,0:24:45,eueowl1,0.06281096488237381,3
297,0:24:45,rocpig,0.041977472603321075,4
297,0:24:45,loeowl,0.03584044799208641,5
298,0:24:50,tawowl1,0.051285270601511,1
298,0:24:50,loeowl,0.037685249000787735,2
298,0:24:50,eurbla,0.027472443878650665,3
298,0:24:50,watrai1,0.02545669861137867,4
298,0:24:50,commoo3,0.024655437096953392,5
299,0:24:55,tawowl1,0.13087503612041473,1
299,0:24:55,loeowl,0.06381584703922272,2
299,0:24:55,eueowl1,0.03259045258164406,3
299,0:24:55,commoo3,0.029651103541254997,4
299,0:24:55,eurcoo,0.027849853038787842,5
300,0:25:00,loeowl,0.14241714775562286,1
300,0:25:00,tawowl1,0.1372293382883072,2
300,0:25:00,eueowl1,0.04914507269859314,3
300,0:25:00,commoo3,0.039663754403591156,4
300,0:25:00,eurcoo,0.03702740743756294,5
301,0:25:05,tawowl1,0.11102814227342606,1
301,0:25:05,loeowl,0.06436504423618317,2
301,0:25:05,eurnig1,0.039363082498311996,3
301,0:25:05,commoo3,0.03328007832169533,4
301,0:25:05,eurcoo,0.03277931734919548,5
302,0:25:10,tawowl1,0.07127827405929565,1
302,0:25:10,commoo3,0.04549118131399155,2
302,0:25:10,eueowl1,0.04250987246632576,3
302,0:25:10,eurcoo,0.04131699353456497,4
302,0:25:10,loeowl,0.03859083354473114,5
303,0:25:15,tawowl1,0.07916668057441711,1
303,0:25:15,loeowl,0.05841146409511566,2
303,0:25:15,eueowl1,0.03949809819459915,3
303,0:25:15,eurcoo,0.028860390186309814,4
303,0:25:15,commoo3,0.02849603444337845,5
304,0:25:20,tawowl1,0.1015932485461235,1
304,0:25:20,loeowl,0.08399459719657898,2
304,0:25:20,eurcoo,0.05401507765054703,3
304,0:25:20,commoo3,0.046013183891773224,4
304,0:25:20,eueowl1,0.029515886679291725,5
305,0:25:25,tawowl1,0.12468895316123962,1
305,0:25:25,loeowl,0.04877663403749466,2
305,0:25:25,commoo3,0.04225541278719902,3
305,0:25:25,eurcoo,0.04142226651310921,4
305,0:25:25,eueowl1,0.03412395715713501,5
306,0:25:30,tawowl1,0.10124363005161285,1
306,0:25:30,loeowl,0.0785757377743721,2
306,0:25:30,eueowl1,0.04626794904470444,3
306,0:25:30,commoo3,0.0439009964466095,4
306,0:25:30,eurcoo,0.03713701665401459,5
307,0:25:35,tawowl1,0.0894477441906929,1
307,0:25:35,loeowl,0.0509936586022377,2
307,0:25:35,eurcoo,0.041295845061540604,3
307,0:25:35,eueowl1,0.03992109000682831,4
307,0:25:35,eurnig1,0.031511664390563965,5
308,0:25:40,eueowl1,0.07490942627191544,1
308,0:25:40,tawowl1,0.07407199591398239,2
308,0:25:40,grhowl,0.03697429224848747,3
308,0:25:40,watrai1,0.030041588470339775,4
308,0:25:40,loeowl,0.027663320302963257,5
309,0:25:45,tawowl1,0.06635449826717377,1
309,0:25:45,eurcoo,0.046910107135772705,2
309,0:25:45,eueowl1,0.0352642759680748,3
309,0:25:45,watrai1,0.035207461565732956,4
309,0:25:45,commoo3,0.03486287593841553,5
310,0:25:50,commoo3,0.0867568776011467,1
310,0:25:50,tawowl1,0.08387631177902222,2
310,0:25:50,eurcoo,0.05522144213318825,3
310,0:25:50,eueowl1,0.04669608548283577,4
310,0:25:50,eurnig1,0.042514026165008545,5
311,0:25:55,tawowl1,0.07708651572465897,1
311,0:25:55,eueowl1,0.055487919598817825,2
311,0:25:55,loeowl,0.03905189409852028,3
311,0:25:55,commoo3,0.0346573181450367,4
311,0:25:55,eurcoo,0.03232106193900108,5
312,0:26:00,tawowl1,0.1003156304359436,1
312,0:26:00,commoo3,0.08014794439077377,2
312,0:26:00,eueowl1,0.06132396683096886,3
312,0:26:00,brnowl,0.0489283911883831,4
312,0:26:00,watrai1,0.044170018285512924,5
313,0:26:05,tawowl1,0.06879468262195587,1
313,0:26:05,eueowl1,0.04530080780386925,2
313,0:26:05,grebit1,0.04273132607340813,3
313,0:26:05,loeowl,0.04041079059243202,4
313,0:26:05,brnowl,0.03719412535429001,5
314,0:26:10,tawowl1,0.03375456854701042,1
314,0:26:10,wesowl1,0.032817717641592026,2
314,0:26:10,blagro1,0.029948826879262924,3
314,0:26:10,eueowl1,0.025634614750742912,4
314,0:26:10,comqua1,0.024445276707410812,5
315,0:26:15,eueowl1,0.053012747317552567,1
315,0:26:15,tawowl1,0.044678978621959686,2
315,0:26:15,loeowl,0.03874729946255684,3
315,0:26:15,watrai1,0.03293634206056595,4
315,0:26:15,eugplo,0.02368738129734993,5
316,0:26:20,tawowl1,0.1351403295993805,1
316,0:26:20,eurcoo,0.06766760349273682,2
316,0:26:20,commoo3,0.04962239786982536,3
316,0:26:20,loeowl,0.04210458695888519,4
316,0:26:20,brnowl,0.030987365171313286,5
317,0:26:25,tawowl1,0.1000359058380127,1
317,0:26:25,brnowl,0.09138496965169907,2
317,0:26:25,watrai1,0.05759286507964134,3
317,0:26:25,loeowl,0.04221203923225403,4
317,0:26:25,eueowl1,0.03986658155918121,5
318,0:26:30,eueowl1,0.06089528277516365,1
318,0:26:30,eurcoo,0.04807773604989052,2
318,0:26:30,loeowl,0.044162895530462265,3
318,0:26:30,commoo3,0.03730083629488945,4
318,0:26:30,tawowl1,0.03626197203993797,5
319,0:26:35,ortbun1,0.40228593349456787,1
319,0:26:35,watrai1,0.03831346705555916,2
319,0:26:35,commoo3,0.027239957824349403,3
319,0:26:35,eueowl1,0.026363378390669823,4
319,0:26:35,eurcoo,0.023911388590931892,5
320,0:26:40,tawowl1,0.07192415744066238,1
320,0:26:40,loeowl,0.02535199746489525,2
320,0:26:40,waldra1,0.02260574698448181,3
320,0:26:40,rinphe,0.02206209860742092,4
320,0:26:40,comrav,0.018084898591041565,5
321,0:26:45,tawowl1,0.08995077759027481,1
321,0:26:45,eueowl1,0.05524948239326477,2
321,0:26:45,loeowl,0.039729487150907516,3
321,0:26:45,watrai1,0.02506576105952263,4
321,0:26:45,eurcoo,0.024244720116257668,5
322,0:26:50,brnowl,0.06639312952756882,1
322,0:26:50,loeowl,0.04061025008559227,2
322,0:26:50,tawowl1,0.03135869279503822,3
322,0:26:50,eueowl1,0.02219102717936039,4
322,0:26:50,watrai1,0.019917519763112068,5
323,0:26:55,tawowl1,0.06254136562347412,1
323,0:26:55,loeowl,0.047194067388772964,2
323,0:26:55,eueowl1,0.027793046087026596,3
323,0:26:55,eurrob1,0.01994868740439415,4
323,0:26:55,watrai1,0.017390631139278412,5
324,0:27:00,tawowl1,0.08526643365621567,1
324,0:27:00,eueowl1,0.05241809040307999,2
324,0:27:00,loeowl,0.04132965952157974,3
324,0:27:00,grhowl,0.02598097175359726,4
324,0:27:00,brdowl,0.023994052782654762,5
325,0:27:05,tawowl1,0.04327237606048584,1
325,0:27:05,watrai1,0.03720442205667496,2
325,0:27:05,commoo3,0.03617823123931885,3
325,0:27:05,comqua1,0.03577551245689392,4
325,0:27:05,loeowl,0.035053618252277374,5
326,0:27:10,tawowl1,0.09788810461759567,1
326,0:27:10,loeowl,0.05098702758550644,2
326,0:27:10,eueowl1,0.037920840084552765,3
326,0:27:10,watrai1,0.026884466409683228,4
326,0:27:10,eurcoo,0.02671835944056511,5
327,0:27:15,tawowl1,0.0639205202460289,1
327,0:27:15,comrav,0.04960978776216507,2
327,0:27:15,loeowl,0.043389175087213516,3
327,0:27:15,brnowl,0.04284967482089996,4
327,0:27:15,eueowl1,0.032630421221256256,5
328,0:27:20,loeowl,0.11199695616960526,1
328,0:27:20,tawowl1,0.0620131641626358,2
328,0:27:20,eueowl1,0.035372667014598846,3
328,0:27:20,eurcoo,0.02431311458349228,4
328,0:27:20,comrav,0.02081039361655712,5
329,0:27:25,tawowl1,0.09471825510263443,1
329,0:27:25,eueowl1,0.06830798089504242,2
329,0:27:25,loeowl,0.05537937954068184,3
329,0:27:25,watrai1,0.02705414779484272,4
329,0:27:25,brnowl,0.02636062353849411,5
330,0:27:30,tawowl1,0.08758637309074402,1
330,0:27:30,brnowl,0.0563235841691494,2
330,0:27:30,eueowl1,0.03182953968644142,3
330,0:27:30,eurrob1,0.024149050936102867,4
330,0:27:30,eurcoo,0.02290230616927147,5
331,0:27:35,tawowl1,0.048053495585918427,1
331,0:27:35,eueowl1,0.04732967168092728,2
331,0:27:35,commoo3,0.04103907570242882,3
331,0:27:35,eurrob1,0.03522161766886711,4
331,0:27:35,watrai1,0.030832793563604355,5
332,0:27:40,tawowl1,0.08920098841190338,1
332,0:27:40,eueowl1,0.03491148725152016,2
332,0:27:40,brnowl,0.03415105119347572,3
332,0:27:40,loeowl,0.02788262814283371,4
332,0:27:40,commoo3,0.021272195503115654,5
333,0:27:45,tawowl1,0.08933160454034805,1
333,0:27:45,loeowl,0.07051508128643036,2
333,0:27:45,eueowl1,0.052806250751018524,3
333,0:27:45,commoo3,0.04483146592974663,4
333,0:27:45,eurcoo,0.03413083776831627,5
334,0:27:50,tawowl1,0.05991172045469284,1
334,0:27:50,brnowl,0.04021362215280533,2
334,0:27:50,eueowl1,0.033981483429670334,3
334,0:27:50,eurbla,0.02405051700770855,4
334,0:27:50,eurcoo,0.021635692566633224,5
335,0:27:55,eueowl1,0.0562715083360672,1
335,0:27:55,brnowl,0.042510803788900375,2
335,0:27:55,tawowl1,0.04171151667833328,3
335,0:27:55,grebit1,0.037357717752456665,4
335,0:27:55,loeowl,0.031695619225502014,5
336,0:28:00,eueowl1,0.08168932050466537,1
336,0:28:00,tawowl1,0.057239994406700134,2
336,0:28:00,rocpig,0.057097967714071274,3
336,0:28:00,commoo3,0.0289960615336895,4
336,0:28:00,loeowl,0.02899235486984253,5
337,0:28:05,eueowl1,0.05662541091442108,1
337,0:28:05,watrai1,0.051784008741378784,2
337,0:28:05,tawowl1,0.04592007026076317,3
337,0:28:05,commoo3,0.042279329150915146,4
337,0:28:05,grebit1,0.03564358130097389,5
338,0:28:10,brnowl,0.07089899480342865,1
338,0:28:10,eueowl1,0.05227024853229523,2
338,0:28:10,loeowl,0.04341243579983711,3
338,0:28:10,tawowl1,0.04262571409344673,4
338,0:28:10,litowl1,0.02811327762901783,5
339,0:28:15,norsho,0.0652197077870369,1
339,0:28:15,tawowl1,0.041779421269893646,2
339,0:28:15,brnowl,0.03840573877096176,3
339,0:28:15,watrai1,0.032617226243019104,4
339,0:28:15,waldra1,0.031524658203125,5
340,0:28:20,loeowl,0.06903796643018723,1
340,0:28:20,tawowl1,0.05125521868467331,2
340,0:28:20,eueowl1,0.050325967371463776,3
340,0:28:20,brnowl,0.03377193212509155,4
340,0:28:20,comrav,0.03100212663412094,5
341,0:28:25,eueowl1,0.0751863420009613,1
341,0:28:25,loeowl,0.06761327385902405,2
341,0:28:25,tawowl1,0.05178096890449524,3
341,0:28:25,comrav,0.029258238151669502,4
341,0:28:25,watrai1,0.02483818307518959,5
342,0:28:30,eueowl1,0.3027682602405548,1
342,0:28:30,loeowl,0.15172046422958374,2
342,0:28:30,tawowl1,0.04258043318986893,3
342,0:28:30,uraowl1,0.03725341334939003,4
342,0:28:30,brdowl,0.024589810520410538,5
343,0:28:35,tawowl1,0.07421060651540756,1
343,0:28:35,loeowl,0.05605999380350113,2
343,0:28:35,eueowl1,0.03920229151844978,3
343,0:28:35,eurcoo,0.03895461559295654,4
343,0:28:35,commoo3,0.03315064311027527,5
344,0:28:40,tawowl1,0.11418819427490234,1
344,0:28:40,eurcoo,0.05486506596207619,2
344,0:28:40,loeowl,0.05110550299286842,3
344,0:28:40,commoo3,0.05009492486715317,4
344,0:28:40,grebit1,0.031841471791267395,5
345,0:28:45,tawowl1,0.14393575489521027,1
345,0:28:45,loeowl,0.10150078684091568,2
345,0:28:45,eueowl1,0.046530768275260925,3
345,0:28:45,eurcoo,0.04372221231460571,4
345,0:28:45,commoo3,0.03928621485829353,5
346,0:28:50,tawowl1,0.07202242314815521,1
346,0:28:50,loeowl,0.06489166617393494,2
346,0:28:50,commoo3,0.04762928560376167,3
346,0:28:50,eurnig1,0.04444829002022743,4
346,0:28:50,eueowl1,0.038791704922914505,5
347,0:28:55,tawowl1,0.08591882139444351,1
347,0:28:55,loeowl,0.04514441639184952,2
347,0:28:55,eueowl1,0.03415696322917938,3
347,0:28:55,commoo3,0.0285591259598732,4
347,0:28:55,eurcoo,0.026014171540737152,5
348,0:29:00,loeowl,0.13762669265270233,1
348,0:29:00,brnowl,0.12109576910734177,2
348,0:29:00,tawowl1,0.09274975210428238,3
348,0:29:00,eurjay1,0.06192617490887642,4
348,0:29:00,litowl1,0.03703390061855316,5
349,0:29:05,tawowl1,0.10241039097309113,1
349,0:29:05,loeowl,0.07189694046974182,2
349,0:29:05,brnowl,0.06851249188184738,3
349,0:29:05,eueowl1,0.04610762372612953,4
349,0:29:05,watrai1,0.029788972809910774,5
350,0:29:10,tawowl1,0.16092795133590698,1
350,0:29:10,loeowl,0.05462627857923508,2
350,0:29:10,eurcoo,0.04750370606780052,3
350,0:29:10,commoo3,0.04336171969771385,4
350,0:29:10,eueowl1,0.04005761817097664,5
351,0:29:15,tawowl1,0.05498101934790611,1
351,0:29:15,loeowl,0.05039723962545395,2
351,0:29:15,eueowl1,0.032104380428791046,3
351,0:29:15,eurcoo,0.021635208278894424,4
351,0:29:15,commoo3,0.01889350451529026,5
352,0:29:20,tawowl1,0.11601913720369339,1
352,0:29:20,loeowl,0.06289239227771759,2
352,0:29:20,eurcoo,0.03674061596393585,3
352,0:29:20,eurnig1,0.032584454864263535,4
352,0:29:20,eurbla,0.031135423108935356,5
353,0:29:25,eueowl1,0.059464920312166214,1
353,0:29:25,brnowl,0.04736755043268204,2
353,0:29:25,loeowl,0.04209383577108383,3
353,0:29:25,uraowl1,0.041339244693517685,4
353,0:29:25,litowl1,0.036708682775497437,5
354,0:29:30,brnowl,0.4245823621749878,1
354,0:29:30,litowl1,0.16701121628284454,2
354,0:29:30,loeowl,0.05589589476585388,3
354,0:29:30,tawowl1,0.033116258680820465,4
354,0:29:30,barowl28,0.012856999412178993,5
355,0:29:35,tawowl1,0.08734767884016037,1
355,0:29:35,eueowl1,0.03413205221295357,2
355,0:29:35,loeowl,0.02898661233484745,3
355,0:29:35,watrai1,0.026606282219290733,4
355,0:29:35,sonthr1,0.020183252170681953,5
356,0:29:40,blawoo1,0.1513441950082779,1
356,0:29:40,tawowl1,0.051507849246263504,2
356,0:29:40,brnowl,0.04338543862104416,3
356,0:29:40,loeowl,0.03108001872897148,4
356,0:29:40,eueowl1,0.02655329741537571,5
357,0:29:45,tawowl1,0.05719161406159401,1
357,0:29:45,brnowl,0.04626667499542236,2
357,0:29:45,eueowl1,0.04240308329463005,3
357,0:29:45,litowl1,0.028285246342420578,4
357,0:29:45,loeowl,0.02756447158753872,5
358,0:29:50,brnowl,0.030945569276809692,1
358,0:29:50,litowl1,0.027382565662264824,2
358,0:29:50,gretit1,0.023749321699142456,3
358,0:29:50,comchi1,0.020579157397150993,4
358,0:29:50,tawowl1,0.019938820973038673,5
359,0:29:55,brnowl,0.20756018161773682,1
359,0:29:55,tawowl1,0.05082168057560921,2
359,0:29:55,loeowl,0.049243126064538956,3
359,0:29:55,eueowl1,0.03076574206352234,4
359,0:29:55,brdowl,0.0149801941588521,5
